OBJECTID,visited_status,recycling_time_visited,rubbish_time_visited
94,RUBBISH,,2021-07-22 17:55:11
97,RUBBISH,,2021-07-22 12:58:08
98,RUBBISH,,2021-07-22 17:59:34
99,RUBBISH,,2021-07-22 18:05:30
101,RUBBISH,,2021-07-22 13:19:50
102,RUBBISH,,2021-07-22 18:05:15
104,RUBBISH,,2021-07-22 18:04:59
106,RUBBISH,,2021-07-22 13:06:10
107,RUBBISH,,2021-07-22 17:30:27
295,RUBBISH,,2021-07-22 13:51:48
337,RUBBISH,,2021-07-22 13:50:47
338,RUBBISH,,2021-07-22 13:50:31
339,RUBBISH,,2021-07-22 13:35:53
360,RUBBISH,,2021-07-22 12:57:09
361,RUBBISH,,2021-07-22 14:37:16
363,RUBBISH,,2021-07-22 13:18:41
369,RUBBISH,,2021-07-22 13:19:12
370,RUBBISH,,2021-07-22 13:18:57
371,RUBBISH,,2021-07-22 13:21:46
372,RUBBISH,,2021-07-22 14:37:01
373,RUBBISH,,2021-07-22 14:38:48
374,RUBBISH,,2021-07-22 13:18:26
375,RUBBISH,,2021-07-22 13:18:25
377,RUBBISH,,2021-07-22 12:56:53
379,RUBBISH,,2021-07-22 13:24:05
380,RUBBISH,,2021-07-22 13:23:49
382,RUBBISH,,2021-07-22 14:37:47
383,RUBBISH,,2021-07-22 13:18:10
384,RUBBISH,,2021-07-22 19:07:56
385,RUBBISH,,2021-07-22 19:08:11
386,RUBBISH,,2021-07-22 13:12:17
387,RUBBISH,,2021-07-22 19:07:40
520,RUBBISH,,2021-07-22 13:14:05
521,RUBBISH,,2021-07-22 13:15:06
522,RUBBISH,,2021-07-22 14:21:05
526,RUBBISH,,2021-07-22 14:18:00
538,RUBBISH,,2021-07-22 16:51:34
539,RUBBISH,,2021-07-22 16:51:19
540,RUBBISH,,2021-07-22 13:17:09
544,RUBBISH,,2021-07-22 16:51:18
546,RUBBISH,,2021-07-22 14:16:43
549,RUBBISH,,2021-07-22 14:24:41
550,RUBBISH,,2021-07-22 14:27:00
551,RUBBISH,,2021-07-22 14:31:06
553,RUBBISH,,2021-07-22 14:36:45
555,RUBBISH,,2021-07-22 14:39:19
556,RUBBISH,,2021-07-22 14:39:04
562,RUBBISH,,2021-07-22 13:59:46
565,RUBBISH,,2021-07-22 13:55:23
567,RUBBISH,,2021-07-22 14:08:30
568,RUBBISH,,2021-07-22 14:04:39
569,RUBBISH,,2021-07-22 19:08:26
570,RUBBISH,,2021-07-22 19:08:42
571,RUBBISH,,2021-07-22 13:54:06
573,RUBBISH,,2021-07-22 13:53:51
575,RUBBISH,,2021-07-22 14:15:57
576,RUBBISH,,2021-07-22 19:08:57
579,RUBBISH,,2021-07-22 19:09:13
580,RUBBISH,,2021-07-22 19:09:28
581,RUBBISH,,2021-07-22 19:09:27
582,RUBBISH,,2021-07-22 14:15:42
583,RUBBISH,,2021-07-22 14:11:35
587,RUBBISH,,2021-07-22 19:09:59
626,RUBBISH,,2021-07-22 12:15:00
767,BOTH,2021-07-22 14:34:57,2021-07-22 11:43:40
889,RUBBISH,,2021-07-22 16:51:04
949,RUBBISH,,2021-07-22 15:33:02
950,RUBBISH,,2021-07-22 15:20:55
955,RUBBISH,,2021-07-22 12:33:53
968,RUBBISH,,2021-07-22 12:32:51
969,RUBBISH,,2021-07-22 12:50:08
971,RUBBISH,,2021-07-22 13:56:13
972,RUBBISH,,2021-07-22 12:29:47
974,RUBBISH,,2021-07-22 13:31:52
976,RUBBISH,,2021-07-22 13:30:51
978,RUBBISH,,2021-07-22 12:16:36
979,RUBBISH,,2021-07-22 18:05:46
1265,RUBBISH,,2021-07-22 14:37:31
1266,RUBBISH,,2021-07-22 17:57:31
1267,RUBBISH,,2021-07-22 17:55:58
1268,RUBBISH,,2021-07-22 17:33:18
1269,RUBBISH,,2021-07-22 17:50:02
1305,RUBBISH,,2021-07-22 12:49:07
1310,RUBBISH,,2021-07-22 13:36:08
1402,RECYCLE,2021-07-22 12:16:33,
1572,RECYCLE,2021-07-22 12:32:37,
1576,RECYCLE,2021-07-22 12:43:35,
1595,RECYCLE,2021-07-22 15:10:48,
1596,RECYCLE,2021-07-22 15:09:15,
1739,RECYCLE,2021-07-22 15:53:01,
1744,RUBBISH,,2021-07-22 15:46:17
1781,RUBBISH,,2021-07-22 11:32:36
1790,RUBBISH,,2021-07-22 11:34:37
1796,RUBBISH,,2021-07-22 16:48:32
1807,RUBBISH,,2021-07-22 12:45:01
1809,RUBBISH,,2021-07-22 12:47:01
1811,RUBBISH,,2021-07-22 12:47:02
1815,RUBBISH,,2021-07-22 16:50:33
1816,RUBBISH,,2021-07-22 16:50:32
1832,RUBBISH,,2021-07-22 16:46:32
1834,RUBBISH,,2021-07-22 16:48:31
1842,RUBBISH,,2021-07-22 12:32:19
1872,RUBBISH,,2021-07-22 12:06:09
1884,RUBBISH,,2021-07-22 13:39:22
1885,RUBBISH,,2021-07-22 13:38:21
1898,RUBBISH,,2021-07-22 13:15:11
1901,RUBBISH,,2021-07-22 13:13:11
1909,RUBBISH,,2021-07-22 13:09:09
1911,RUBBISH,,2021-07-22 13:05:08
1920,RUBBISH,,2021-07-22 14:38:42
2019,RUBBISH,,2021-07-22 12:59:07
2028,RUBBISH,,2021-07-22 12:00:46
2029,RUBBISH,,2021-07-22 12:14:51
2041,RUBBISH,,2021-07-22 13:01:08
2042,RUBBISH,,2021-07-22 13:05:09
2043,RUBBISH,,2021-07-22 13:07:10
2045,RUBBISH,,2021-07-22 13:09:10
2056,RUBBISH,,2021-07-22 13:17:13
2058,RUBBISH,,2021-07-22 13:13:12
2069,RUBBISH,,2021-07-22 13:05:07
2302,RUBBISH,,2021-07-22 12:10:48
2303,RUBBISH,,2021-07-22 12:08:47
2304,RUBBISH,,2021-07-22 12:00:44
2354,RUBBISH,,2021-07-22 12:12:49
2719,RUBBISH,,2021-07-22 11:50:15
2758,RUBBISH,,2021-07-22 11:41:43
2760,RUBBISH,,2021-07-22 16:44:38
2761,RUBBISH,,2021-07-22 16:45:09
2762,RUBBISH,,2021-07-22 16:45:24
2763,RUBBISH,,2021-07-22 16:45:55
2764,RUBBISH,,2021-07-22 13:40:33
2765,RUBBISH,,2021-07-22 13:40:49
2766,RUBBISH,,2021-07-22 13:41:04
2767,RUBBISH,,2021-07-22 13:41:20
2768,RUBBISH,,2021-07-22 12:36:23
2769,RUBBISH,,2021-07-22 13:41:35
2770,RUBBISH,,2021-07-22 13:31:03
2771,RUBBISH,,2021-07-22 11:38:07
2798,RUBBISH,,2021-07-22 12:36:08
2807,RUBBISH,,2021-07-22 11:36:04
2813,RUBBISH,,2021-07-22 16:46:26
2817,RUBBISH,,2021-07-22 12:35:37
2829,RUBBISH,,2021-07-22 17:07:28
2830,RUBBISH,,2021-07-22 17:07:44
2865,RUBBISH,,2021-07-22 18:38:12
2871,RUBBISH,,2021-07-22 18:19:12
2874,RUBBISH,,2021-07-22 17:05:55
2875,RUBBISH,,2021-07-22 17:21:25
2876,RUBBISH,,2021-07-22 17:05:24
2877,RUBBISH,,2021-07-22 17:05:23
2879,RUBBISH,,2021-07-22 16:14:50
2880,RUBBISH,,2021-07-22 16:30:49
2881,RUBBISH,,2021-07-22 16:31:04
2882,RUBBISH,,2021-07-22 16:18:42
2894,RUBBISH,,2021-07-22 17:21:10
2897,RUBBISH,,2021-07-22 17:05:09
2906,RUBBISH,,2021-07-22 14:22:10
2908,RUBBISH,,2021-07-22 12:17:37
2911,RUBBISH,,2021-07-22 14:26:17
2912,RUBBISH,,2021-07-22 14:25:46
2913,RUBBISH,,2021-07-22 12:28:10
2915,RUBBISH,,2021-07-22 16:16:41
2916,RUBBISH,,2021-07-22 15:55:23
2917,RUBBISH,,2021-07-22 12:23:16
2921,RUBBISH,,2021-07-22 13:58:03
2923,RUBBISH,,2021-07-22 13:51:39
2924,RUBBISH,,2021-07-22 14:00:07
2925,RUBBISH,,2021-07-22 14:00:37
2926,RUBBISH,,2021-07-22 15:50:16
2927,RUBBISH,,2021-07-22 14:51:12
2928,RUBBISH,,2021-07-22 15:50:00
2929,RUBBISH,,2021-07-22 12:23:01
2930,RUBBISH,,2021-07-22 15:58:59
2937,RUBBISH,,2021-07-22 16:00:47
2939,RUBBISH,,2021-07-22 16:00:31
2947,RUBBISH,,2021-07-22 12:44:42
2948,RUBBISH,,2021-07-22 11:29:51
3207,RECYCLE,2021-07-22 15:28:58,
3214,RECYCLE,2021-07-22 15:24:06,
3237,RUBBISH,,2021-07-22 12:32:16
3238,RUBBISH,,2021-07-22 11:51:41
3263,RUBBISH,,2021-07-22 11:49:53
3275,RUBBISH,,2021-07-22 15:46:47
3276,RUBBISH,,2021-07-22 15:47:18
3299,RUBBISH,,2021-07-22 13:03:07
3322,RUBBISH,,2021-07-22 12:27:39
3337,RUBBISH,,2021-07-22 12:47:01
3338,RUBBISH,,2021-07-22 12:59:06
3339,RUBBISH,,2021-07-22 13:01:07
3342,RUBBISH,,2021-07-22 11:38:38
3343,RUBBISH,,2021-07-22 11:42:40
3349,RUBBISH,,2021-07-22 12:28:55
3351,RUBBISH,,2021-07-22 12:38:58
3367,RUBBISH,,2021-07-22 14:26:32
3451,RUBBISH,,2021-07-22 11:44:39
3453,RUBBISH,,2021-07-22 11:46:40
3512,RUBBISH,,2021-07-22 17:06:11
3513,RUBBISH,,2021-07-22 16:30:33
3514,RUBBISH,,2021-07-22 19:51:10
3520,RUBBISH,,2021-07-22 18:18:41
3526,RUBBISH,,2021-07-22 16:15:52
3527,RUBBISH,,2021-07-22 16:19:29
3528,RUBBISH,,2021-07-22 18:38:43
3547,RUBBISH,,2021-07-22 15:42:34
3548,RUBBISH,,2021-07-22 15:42:41
3553,RUBBISH,,2021-07-22 16:18:29
3554,RUBBISH,,2021-07-22 16:18:51
3555,RUBBISH,,2021-07-22 16:18:52
3557,RUBBISH,,2021-07-22 14:55:18
3558,RUBBISH,,2021-07-22 14:55:34
3559,RUBBISH,,2021-07-22 14:55:41
3560,RUBBISH,,2021-07-22 15:48:12
3561,RUBBISH,,2021-07-22 15:45:54
3562,RUBBISH,,2021-07-22 15:45:38
3563,RUBBISH,,2021-07-22 15:48:28
3564,RUBBISH,,2021-07-22 15:48:42
3565,RUBBISH,,2021-07-22 16:16:56
3566,RUBBISH,,2021-07-22 16:17:03
3567,RUBBISH,,2021-07-22 16:17:04
3568,RUBBISH,,2021-07-22 15:42:49
3572,RUBBISH,,2021-07-22 17:07:12
3578,RUBBISH,,2021-07-22 13:33:37
3579,RUBBISH,,2021-07-22 13:40:18
3595,RUBBISH,,2021-07-22 14:55:40
3596,RUBBISH,,2021-07-22 14:55:39
3597,RUBBISH,,2021-07-22 14:55:03
3600,RUBBISH,,2021-07-22 13:01:31
3603,RUBBISH,,2021-07-22 12:53:50
3604,RUBBISH,,2021-07-22 13:40:03
3639,RUBBISH,,2021-07-22 11:47:06
3640,RUBBISH,,2021-07-22 11:53:12
3641,RUBBISH,,2021-07-22 12:14:33
3658,RUBBISH,,2021-07-22 14:55:56
4073,RUBBISH,,2021-07-22 14:26:02
4077,RUBBISH,,2021-07-22 17:01:24
4078,RUBBISH,,2021-07-22 16:58:34
4079,RUBBISH,,2021-07-22 18:11:42
4082,RUBBISH,,2021-07-22 13:24:45
4084,RUBBISH,,2021-07-22 13:23:44
4085,RUBBISH,,2021-07-22 13:22:42
4089,RUBBISH,,2021-07-22 18:11:11
4090,RUBBISH,,2021-07-22 18:11:27
4094,RUBBISH,,2021-07-22 13:03:19
4095,RUBBISH,,2021-07-22 13:01:18
4102,RUBBISH,,2021-07-22 13:00:12
4103,RUBBISH,,2021-07-22 16:57:34
4104,RUBBISH,,2021-07-22 16:57:49
4105,RUBBISH,,2021-07-22 14:53:33
4106,RUBBISH,,2021-07-22 16:54:14
4107,RUBBISH,,2021-07-22 16:37:45
4108,RUBBISH,,2021-07-22 16:55:46
4109,RUBBISH,,2021-07-22 17:06:32
4110,RUBBISH,,2021-07-22 13:00:32
4111,RUBBISH,,2021-07-22 17:07:03
4112,RUBBISH,,2021-07-22 16:56:17
4113,RUBBISH,,2021-07-22 16:56:32
4114,RUBBISH,,2021-07-22 16:56:48
4116,RUBBISH,,2021-07-22 17:04:13
4121,RUBBISH,,2021-07-22 16:15:00
4122,RUBBISH,,2021-07-22 16:53:43
4125,RUBBISH,,2021-07-22 16:53:28
4126,RUBBISH,,2021-07-22 16:04:28
4130,RUBBISH,,2021-07-22 16:17:18
4131,RUBBISH,,2021-07-22 17:53:54
4132,RUBBISH,,2021-07-22 16:53:58
4133,RUBBISH,,2021-07-22 14:50:58
4134,RUBBISH,,2021-07-22 16:44:13
4135,RUBBISH,,2021-07-22 17:59:18
4136,RUBBISH,,2021-07-22 16:17:33
4137,RUBBISH,,2021-07-22 18:04:12
4138,RUBBISH,,2021-07-22 16:44:29
4141,RUBBISH,,2021-07-22 14:45:49
4143,RUBBISH,,2021-07-22 16:19:52
4146,RUBBISH,,2021-07-22 13:51:48
4151,RUBBISH,,2021-07-22 17:17:51
4152,RUBBISH,,2021-07-22 13:11:00
4153,RUBBISH,,2021-07-22 16:58:10
4154,RUBBISH,,2021-07-22 16:54:18
4155,RUBBISH,,2021-07-22 16:48:05
4157,RUBBISH,,2021-07-22 17:08:05
4159,RUBBISH,,2021-07-22 13:07:55
4162,RUBBISH,,2021-07-22 14:05:11
4163,RUBBISH,,2021-07-22 16:52:26
4164,RUBBISH,,2021-07-22 16:53:47
4165,RUBBISH,,2021-07-22 16:54:02
4167,RUBBISH,,2021-07-22 13:56:11
4169,RUBBISH,,2021-07-22 13:57:59
4170,RUBBISH,,2021-07-22 17:12:27
4171,RUBBISH,,2021-07-22 16:51:27
4172,RUBBISH,,2021-07-22 16:48:21
4174,RUBBISH,,2021-07-22 13:56:26
4175,RUBBISH,,2021-07-22 18:11:25
4176,RUBBISH,,2021-07-22 13:54:53
4177,RUBBISH,,2021-07-22 13:54:38
4178,RUBBISH,,2021-07-22 13:54:07
4179,RUBBISH,,2021-07-22 14:38:22
4180,RUBBISH,,2021-07-22 12:40:14
4183,RUBBISH,,2021-07-22 15:36:46
4184,RUBBISH,,2021-07-22 13:49:14
4185,RUBBISH,,2021-07-22 15:36:31
4186,RUBBISH,,2021-07-22 16:52:13
4187,RUBBISH,,2021-07-22 18:09:26
4188,RUBBISH,,2021-07-22 18:09:41
4189,RUBBISH,,2021-07-22 13:35:07
4190,RUBBISH,,2021-07-22 14:00:18
4191,RUBBISH,,2021-07-22 14:01:50
4193,RUBBISH,,2021-07-22 14:02:21
4194,RUBBISH,,2021-07-22 13:21:15
4195,RUBBISH,,2021-07-22 13:10:44
4197,RUBBISH,,2021-07-22 16:53:16
4198,RUBBISH,,2021-07-22 16:53:00
4199,RUBBISH,,2021-07-22 16:51:42
4200,RUBBISH,,2021-07-22 12:30:29
4201,RUBBISH,,2021-07-22 16:51:57
4202,RUBBISH,,2021-07-22 16:51:58
4203,RUBBISH,,2021-07-22 15:55:30
4204,RUBBISH,,2021-07-22 15:46:47
4205,RUBBISH,,2021-07-22 12:51:00
4206,RUBBISH,,2021-07-22 15:43:42
4208,RUBBISH,,2021-07-22 15:42:10
4209,RUBBISH,,2021-07-22 16:52:44
4210,RUBBISH,,2021-07-22 18:09:10
4211,RUBBISH,,2021-07-22 16:52:29
4213,RUBBISH,,2021-07-22 18:09:49
4219,RUBBISH,,2021-07-22 19:14:59
4254,RUBBISH,,2021-07-22 13:28:29
4265,RUBBISH,,2021-07-22 15:30:37
4275,RUBBISH,,2021-07-22 15:48:18
4280,RUBBISH,,2021-07-22 18:44:20
4281,RUBBISH,,2021-07-22 19:03:55
4282,RUBBISH,,2021-07-22 13:17:36
4299,RUBBISH,,2021-07-22 15:52:05
4301,RUBBISH,,2021-07-22 15:03:26
4302,RUBBISH,,2021-07-22 13:15:33
4304,RUBBISH,,2021-07-22 13:16:34
4328,RUBBISH,,2021-07-22 14:46:01
4333,RUBBISH,,2021-07-22 15:23:04
4334,RUBBISH,,2021-07-22 14:47:03
4337,RUBBISH,,2021-07-22 14:51:06
4363,RUBBISH,,2021-07-22 12:21:20
4371,RUBBISH,,2021-07-22 18:01:45
4375,RUBBISH,,2021-07-22 12:48:25
4376,RUBBISH,,2021-07-22 12:50:59
4378,RUBBISH,,2021-07-22 13:29:53
4382,RUBBISH,,2021-07-22 13:30:24
4384,RUBBISH,,2021-07-22 13:25:11
4386,RUBBISH,,2021-07-22 12:47:07
4388,RUBBISH,,2021-07-22 13:48:17
4391,RUBBISH,,2021-07-22 14:06:47
4392,RUBBISH,,2021-07-22 16:14:45
4393,RUBBISH,,2021-07-22 13:49:50
4399,RUBBISH,,2021-07-22 16:51:09
4406,RUBBISH,,2021-07-22 14:08:06
4409,RUBBISH,,2021-07-22 13:41:01
4411,RUBBISH,,2021-07-22 14:04:18
4412,RUBBISH,,2021-07-22 13:41:16
4422,RUBBISH,,2021-07-22 18:09:57
4423,RUBBISH,,2021-07-22 16:50:54
4439,RUBBISH,,2021-07-22 18:18:38
5284,RUBBISH,,2021-07-22 13:59:49
5285,RUBBISH,,2021-07-22 13:42:05
5296,RUBBISH,,2021-07-22 13:25:32
5311,RUBBISH,,2021-07-22 18:35:51
5330,RUBBISH,,2021-07-22 15:59:51
5332,RUBBISH,,2021-07-22 16:25:16
5339,RUBBISH,,2021-07-22 13:05:22
5372,RUBBISH,,2021-07-22 18:12:44
5373,RUBBISH,,2021-07-22 18:14:48
5892,RUBBISH,,2021-07-22 13:27:35
6058,RUBBISH,,2021-07-22 12:56:17
6059,RUBBISH,,2021-07-22 15:49:15
6060,RUBBISH,,2021-07-22 15:48:59
6061,RUBBISH,,2021-07-22 15:48:28
6065,RUBBISH,,2021-07-22 13:27:50
6066,RUBBISH,,2021-07-22 13:27:04
6071,RUBBISH,,2021-07-22 13:17:50
6072,RUBBISH,,2021-07-22 16:15:12
6073,RUBBISH,,2021-07-22 16:15:19
6074,RUBBISH,,2021-07-22 16:15:27
6075,RUBBISH,,2021-07-22 15:43:46
6076,RUBBISH,,2021-07-22 13:44:01
6077,RUBBISH,,2021-07-22 13:07:12
6078,RUBBISH,,2021-07-22 13:43:15
6079,RUBBISH,,2021-07-22 13:28:21
6081,RUBBISH,,2021-07-22 13:16:02
6082,RUBBISH,,2021-07-22 13:15:16
6083,RUBBISH,,2021-07-22 13:16:33
6084,RUBBISH,,2021-07-22 13:16:48
6085,RUBBISH,,2021-07-22 14:34:14
6086,RUBBISH,,2021-07-22 16:14:10
6087,RUBBISH,,2021-07-22 15:08:43
6088,RUBBISH,,2021-07-22 13:14:19
6089,RUBBISH,,2021-07-22 13:01:45
6090,RUBBISH,,2021-07-22 13:01:14
6093,RUBBISH,,2021-07-22 12:55:00
6095,RUBBISH,,2021-07-22 13:45:18
6097,RUBBISH,,2021-07-22 13:46:51
6098,RUBBISH,,2021-07-22 19:07:19
6099,RUBBISH,,2021-07-22 19:07:04
6101,RUBBISH,,2021-07-22 15:47:53
6102,RUBBISH,,2021-07-22 13:21:04
6106,RUBBISH,,2021-07-22 14:28:34
6107,RUBBISH,,2021-07-22 13:20:27
6108,RUBBISH,,2021-07-22 14:41:11
6114,RUBBISH,,2021-07-22 15:25:38
6115,RUBBISH,,2021-07-22 15:25:23
6116,RUBBISH,,2021-07-22 15:25:07
6118,RUBBISH,,2021-07-22 13:04:08
6242,RUBBISH,,2021-07-22 13:07:09
6259,RUBBISH,,2021-07-22 15:48:44
6279,RUBBISH,,2021-07-22 16:13:01
6281,RUBBISH,,2021-07-22 16:12:30
6282,RUBBISH,,2021-07-22 15:16:22
6286,RUBBISH,,2021-07-22 15:21:15
6287,RUBBISH,,2021-07-22 15:21:31
6288,RUBBISH,,2021-07-22 13:25:15
6289,RUBBISH,,2021-07-22 13:13:41
6290,RUBBISH,,2021-07-22 16:11:44
6294,RUBBISH,,2021-07-22 12:44:55
6298,RUBBISH,,2021-07-22 12:30:02
6580,RUBBISH,,2021-07-22 15:04:41
6581,RUBBISH,,2021-07-22 16:12:32
6583,RUBBISH,,2021-07-22 17:27:56
6590,RUBBISH,,2021-07-22 14:38:27
6596,RUBBISH,,2021-07-22 12:32:01
6597,RUBBISH,,2021-07-22 12:25:36
6600,RUBBISH,,2021-07-22 13:25:41
6601,RUBBISH,,2021-07-22 16:02:26
6602,RUBBISH,,2021-07-22 13:13:52
6603,RUBBISH,,2021-07-22 13:12:35
6605,RUBBISH,,2021-07-22 13:12:34
6606,RUBBISH,,2021-07-22 13:35:42
6608,RUBBISH,,2021-07-22 16:16:17
6615,RUBBISH,,2021-07-22 17:27:10
6616,RUBBISH,,2021-07-22 15:55:48
6617,RUBBISH,,2021-07-22 16:13:34
6618,RUBBISH,,2021-07-22 15:14:55
6620,RUBBISH,,2021-07-22 16:13:49
6642,RUBBISH,,2021-07-22 14:06:17
6643,RUBBISH,,2021-07-22 14:01:39
6649,RUBBISH,,2021-07-22 13:34:11
6667,RUBBISH,,2021-07-22 13:07:00
6668,RUBBISH,,2021-07-22 12:07:31
6690,RUBBISH,,2021-07-22 14:44:35
6705,RUBBISH,,2021-07-22 14:42:14
6721,RUBBISH,,2021-07-22 16:03:00
6723,RUBBISH,,2021-07-22 16:03:31
6724,RUBBISH,,2021-07-22 16:03:15
6734,RUBBISH,,2021-07-22 15:50:06
6735,RUBBISH,,2021-07-22 15:50:36
6736,RUBBISH,,2021-07-22 14:38:43
6737,RUBBISH,,2021-07-22 15:54:13
6738,RUBBISH,,2021-07-22 15:46:48
6739,RUBBISH,,2021-07-22 15:25:43
6740,RUBBISH,,2021-07-22 15:46:32
6766,RUBBISH,,2021-07-22 15:55:19
6767,RUBBISH,,2021-07-22 13:37:01
6768,RUBBISH,,2021-07-22 15:09:15
6769,RUBBISH,,2021-07-22 13:34:27
6770,RUBBISH,,2021-07-22 15:08:59
6787,RUBBISH,,2021-07-22 14:52:11
6797,RUBBISH,,2021-07-22 16:49:26
6800,RUBBISH,,2021-07-22 16:15:15
6802,RUBBISH,,2021-07-22 16:15:31
6805,RUBBISH,,2021-07-22 16:37:20
6806,RUBBISH,,2021-07-22 16:13:27
6807,RUBBISH,,2021-07-22 16:11:55
6808,RUBBISH,,2021-07-22 16:10:38
6815,RUBBISH,,2021-07-22 12:51:13
6818,RUBBISH,,2021-07-22 12:42:13
6819,RUBBISH,,2021-07-22 12:33:30
6822,RUBBISH,,2021-07-22 13:44:36
6823,RUBBISH,,2021-07-22 13:37:24
6830,RUBBISH,,2021-07-22 16:16:16
6831,RUBBISH,,2021-07-22 16:16:01
6832,RUBBISH,,2021-07-22 16:15:46
6834,RUBBISH,,2021-07-22 13:41:21
6835,RUBBISH,,2021-07-22 13:41:06
6836,RUBBISH,,2021-07-22 13:50:21
6837,RUBBISH,,2021-07-22 13:06:56
6838,RUBBISH,,2021-07-22 13:36:13
6839,RUBBISH,,2021-07-22 13:35:58
6840,RUBBISH,,2021-07-22 13:12:20
6841,RUBBISH,,2021-07-22 13:12:04
6842,RUBBISH,,2021-07-22 13:51:38
6844,RUBBISH,,2021-07-22 16:17:03
6845,RUBBISH,,2021-07-22 16:16:32
6849,RUBBISH,,2021-07-22 13:51:53
6850,RUBBISH,,2021-07-22 13:33:23
6860,RUBBISH,,2021-07-22 13:09:09
6862,RUBBISH,,2021-07-22 16:12:47
6863,RUBBISH,,2021-07-22 16:08:25
6864,RUBBISH,,2021-07-22 12:39:25
6865,RUBBISH,,2021-07-22 16:13:02
6866,RUBBISH,,2021-07-22 16:01:13
6867,RUBBISH,,2021-07-22 16:13:18
6869,RUBBISH,,2021-07-22 13:27:38
6870,RUBBISH,,2021-07-22 15:57:06
6871,RUBBISH,,2021-07-22 15:57:21
6873,RUBBISH,,2021-07-22 15:57:52
6874,RUBBISH,,2021-07-22 12:37:37
6875,RUBBISH,,2021-07-22 15:46:45
6876,RUBBISH,,2021-07-22 15:47:31
6877,RUBBISH,,2021-07-22 15:45:28
6880,RUBBISH,,2021-07-22 20:22:18
7260,RUBBISH,,2021-07-22 14:43:01
7275,RUBBISH,,2021-07-22 12:35:04
7276,RUBBISH,,2021-07-22 12:52:16
7277,RUBBISH,,2021-07-22 12:54:19
7278,RUBBISH,,2021-07-22 12:54:35
7279,RUBBISH,,2021-07-22 14:34:16
7280,RUBBISH,,2021-07-22 12:56:07
7281,RUBBISH,,2021-07-22 13:00:14
7285,RUBBISH,,2021-07-22 12:29:19
7288,RUBBISH,,2021-07-22 12:21:43
7291,RUBBISH,,2021-07-22 11:47:37
7308,RUBBISH,,2021-07-22 14:34:01
7312,RUBBISH,,2021-07-22 12:09:03
7313,RUBBISH,,2021-07-22 12:08:31
7315,RUBBISH,,2021-07-22 12:08:47
7316,RUBBISH,,2021-07-22 12:11:52
7318,RUBBISH,,2021-07-22 12:06:20
7319,RUBBISH,,2021-07-22 11:47:22
7321,RUBBISH,,2021-07-22 12:07:46
7322,RUBBISH,,2021-07-22 12:59:49
7323,RUBBISH,,2021-07-22 12:29:34
7324,RUBBISH,,2021-07-22 13:05:27
7325,RUBBISH,,2021-07-22 13:05:58
7326,RUBBISH,,2021-07-22 15:07:56
7327,RUBBISH,,2021-07-22 13:06:14
7328,RUBBISH,,2021-07-22 15:02:42
7329,RUBBISH,,2021-07-22 12:04:17
7330,RUBBISH,,2021-07-22 12:51:07
7331,RUBBISH,,2021-07-22 15:23:18
7332,RUBBISH,,2021-07-22 15:25:07
7333,RUBBISH,,2021-07-22 15:22:47
7334,RUBBISH,,2021-07-22 13:48:34
7335,RUBBISH,,2021-07-22 12:58:17
7336,RUBBISH,,2021-07-22 15:24:51
7337,RUBBISH,,2021-07-22 13:05:12
7338,RUBBISH,,2021-07-22 15:31:53
7340,RUBBISH,,2021-07-22 11:54:48
7341,RUBBISH,,2021-07-22 11:53:46
7342,RUBBISH,,2021-07-22 15:32:09
7343,RUBBISH,,2021-07-22 15:33:11
7344,RUBBISH,,2021-07-22 15:09:30
7352,RUBBISH,,2021-07-22 15:48:32
7353,RUBBISH,,2021-07-22 15:55:04
7354,RUBBISH,,2021-07-22 11:54:17
7355,RUBBISH,,2021-07-22 15:36:03
7358,RUBBISH,,2021-07-22 15:48:16
7360,RUBBISH,,2021-07-22 15:40:13
7361,RUBBISH,,2021-07-22 15:30:51
7362,RUBBISH,,2021-07-22 15:31:38
7363,RUBBISH,,2021-07-22 15:10:02
7364,RUBBISH,,2021-07-22 15:31:22
7779,RUBBISH,,2021-07-22 15:57:18
7780,RUBBISH,,2021-07-22 15:57:02
7782,RUBBISH,,2021-07-22 16:00:38
7783,RUBBISH,,2021-07-22 15:57:33
7785,RUBBISH,,2021-07-22 14:44:19
7786,RUBBISH,,2021-07-22 14:39:26
7787,RUBBISH,,2021-07-22 15:08:39
7788,RUBBISH,,2021-07-22 15:08:55
7789,RUBBISH,,2021-07-22 13:06:08
7790,RUBBISH,,2021-07-22 13:58:36
7791,RUBBISH,,2021-07-22 13:58:28
7800,RUBBISH,,2021-07-22 12:24:28
7803,RUBBISH,,2021-07-22 11:58:48
7806,RUBBISH,,2021-07-22 15:37:33
7808,RUBBISH,,2021-07-22 15:56:31
7809,RUBBISH,,2021-07-22 15:56:47
7812,RUBBISH,,2021-07-22 14:52:00
7814,RUBBISH,,2021-07-22 13:19:13
7815,RUBBISH,,2021-07-22 15:37:18
7817,RUBBISH,,2021-07-22 15:06:05
7818,RUBBISH,,2021-07-22 13:44:50
7820,RUBBISH,,2021-07-22 14:27:08
7821,RUBBISH,,2021-07-22 14:30:28
7822,RUBBISH,,2021-07-22 15:04:17
7823,RUBBISH,,2021-07-22 13:12:38
7824,RUBBISH,,2021-07-22 15:10:27
7825,RUBBISH,,2021-07-22 15:10:57
7827,RUBBISH,,2021-07-22 14:59:08
7829,RUBBISH,,2021-07-22 14:57:07
7830,RUBBISH,,2021-07-22 14:56:06
7831,RUBBISH,,2021-07-22 14:20:43
7832,RUBBISH,,2021-07-22 13:37:48
7833,RUBBISH,,2021-07-22 13:28:28
7834,RUBBISH,,2021-07-22 12:32:28
7835,RUBBISH,,2021-07-22 13:47:10
7836,RUBBISH,,2021-07-22 12:13:29
7838,RUBBISH,,2021-07-22 15:09:10
7841,RUBBISH,,2021-07-22 12:17:48
7842,RUBBISH,,2021-07-22 12:50:49
7845,RUBBISH,,2021-07-22 15:37:17
7846,RUBBISH,,2021-07-22 14:56:36
7847,RUBBISH,,2021-07-22 14:55:50
7848,RUBBISH,,2021-07-22 14:54:49
7849,RUBBISH,,2021-07-22 15:37:03
7857,RUBBISH,,2021-07-22 15:36:47
7859,RUBBISH,,2021-07-22 14:37:38
7861,RUBBISH,,2021-07-22 15:05:06
7864,RUBBISH,,2021-07-22 12:10:49
7865,RUBBISH,,2021-07-22 13:26:46
7866,RUBBISH,,2021-07-22 14:22:42
7867,RUBBISH,,2021-07-22 14:24:15
7868,RUBBISH,,2021-07-22 15:04:20
7869,RUBBISH,,2021-07-22 12:16:58
7870,RUBBISH,,2021-07-22 12:36:28
7871,RUBBISH,,2021-07-22 14:31:41
7872,RUBBISH,,2021-07-22 15:06:54
7873,RUBBISH,,2021-07-22 12:00:03
7874,RUBBISH,,2021-07-22 12:04:55
7876,RUBBISH,,2021-07-22 15:04:50
7877,RUBBISH,,2021-07-22 13:29:35
7878,RUBBISH,,2021-07-22 14:30:09
7879,RUBBISH,,2021-07-22 14:24:30
7880,RUBBISH,,2021-07-22 14:29:23
7882,RUBBISH,,2021-07-22 15:04:35
7883,RUBBISH,,2021-07-22 15:04:42
7884,RUBBISH,,2021-07-22 15:04:04
7885,RUBBISH,,2021-07-22 14:31:11
7886,RUBBISH,,2021-07-22 14:01:10
7887,RUBBISH,,2021-07-22 13:56:01
7888,RUBBISH,,2021-07-22 15:10:11
7889,RUBBISH,,2021-07-22 13:21:53
7892,RUBBISH,,2021-07-22 15:03:49
7893,RUBBISH,,2021-07-22 15:23:49
7894,RUBBISH,,2021-07-22 13:10:21
7896,RUBBISH,,2021-07-22 15:01:30
7897,RUBBISH,,2021-07-22 15:23:57
7898,RUBBISH,,2021-07-22 14:56:32
7899,RUBBISH,,2021-07-22 14:57:35
7901,RUBBISH,,2021-07-22 15:24:13
7902,RUBBISH,,2021-07-22 14:45:49
7903,RUBBISH,,2021-07-22 13:59:09
7904,RUBBISH,,2021-07-22 13:56:48
7905,RUBBISH,,2021-07-22 13:28:54
7906,RUBBISH,,2021-07-22 15:24:29
7908,RUBBISH,,2021-07-22 14:19:55
7909,RUBBISH,,2021-07-22 14:38:56
7911,RUBBISH,,2021-07-22 15:24:02
7912,RUBBISH,,2021-07-22 13:24:12
7913,RUBBISH,,2021-07-22 15:02:02
7915,RUBBISH,,2021-07-22 12:28:34
7916,RUBBISH,,2021-07-22 12:51:18
7917,RUBBISH,,2021-07-22 15:26:36
7918,RUBBISH,,2021-07-22 13:32:02
7920,RUBBISH,,2021-07-22 15:27:22
7922,RUBBISH,,2021-07-22 15:32:02
7923,RUBBISH,,2021-07-22 14:59:53
7924,RUBBISH,,2021-07-22 15:30:45
7925,RUBBISH,,2021-07-22 14:59:22
7926,RUBBISH,,2021-07-22 14:58:52
7927,RUBBISH,,2021-07-22 14:44:12
7928,RUBBISH,,2021-07-22 14:59:07
7932,RUBBISH,,2021-07-22 14:10:37
7982,RUBBISH,,2021-07-22 13:52:09
7983,RUBBISH,,2021-07-22 16:07:34
7984,RUBBISH,,2021-07-22 16:07:19
7998,RUBBISH,,2021-07-22 12:28:27
8008,RUBBISH,,2021-07-22 13:35:27
8009,RUBBISH,,2021-07-22 16:02:45
8010,RUBBISH,,2021-07-22 16:02:44
8011,RUBBISH,,2021-07-22 16:02:43
8012,RUBBISH,,2021-07-22 16:02:29
8026,RUBBISH,,2021-07-22 18:10:43
8027,RUBBISH,,2021-07-22 14:25:47
8029,RUBBISH,,2021-07-22 14:25:31
8037,RECYCLE,2021-07-22 14:48:29,
8045,RECYCLE,2021-07-22 21:22:25,
8046,RECYCLE,2021-07-22 21:11:54,
8047,RECYCLE,2021-07-22 14:07:06,
8048,RECYCLE,2021-07-22 22:37:54,
8049,RECYCLE,2021-07-22 21:19:52,
8050,RECYCLE,2021-07-22 21:22:56,
8051,RECYCLE,2021-07-22 20:50:22,
8052,RECYCLE,2021-07-22 13:36:18,
8053,RECYCLE,2021-07-22 13:58:39,
8054,RECYCLE,2021-07-22 21:43:13,
8055,RECYCLE,2021-07-22 12:57:17,
8056,RECYCLE,2021-07-22 14:33:50,
8057,RECYCLE,2021-07-22 22:39:25,
8058,RECYCLE,2021-07-22 22:39:11,
8059,RECYCLE,2021-07-22 22:38:40,
8060,RECYCLE,2021-07-22 22:38:56,
8061,RECYCLE,2021-07-22 13:04:28,
8062,RECYCLE,2021-07-22 22:39:26,
8063,RECYCLE,2021-07-22 12:42:23,
8064,RECYCLE,2021-07-22 12:53:41,
8076,RECYCLE,2021-07-22 16:58:25,
8078,RECYCLE,2021-07-22 12:53:25,
8162,RECYCLE,2021-07-22 22:02:12,
9067,RUBBISH,,2021-07-22 17:31:31
9068,RUBBISH,,2021-07-22 15:35:31
9070,RUBBISH,,2021-07-22 17:56:37
9072,RUBBISH,,2021-07-22 17:53:17
9073,BOTH,2021-07-22 15:29:17,2021-07-22 17:57:23
9074,BOTH,2021-07-22 15:44:57,2021-07-22 18:10:44
9075,BOTH,2021-07-22 15:47:47,2021-07-22 18:16:38
9076,BOTH,2021-07-22 15:54:28,2021-07-22 18:23:18
9077,RUBBISH,,2021-07-22 12:24:00
9078,BOTH,2021-07-22 15:54:43,2021-07-22 18:23:34
9079,BOTH,2021-07-22 15:47:01,2021-07-22 17:59:42
9080,RUBBISH,,2021-07-22 17:10:26
9081,BOTH,2021-07-22 16:03:44,2021-07-22 18:25:06
9082,BOTH,2021-07-22 16:01:40,2021-07-22 18:24:51
9083,BOTH,2021-07-22 15:55:29,2021-07-22 18:24:04
9084,BOTH,2021-07-22 15:20:02,2021-07-22 17:46:21
9085,BOTH,2021-07-22 15:16:43,2021-07-22 17:42:30
9086,BOTH,2021-07-22 15:24:56,2021-07-22 17:51:44
9087,RUBBISH,,2021-07-22 17:30:42
9088,RUBBISH,,2021-07-22 17:31:13
9089,BOTH,2021-07-22 17:54:29,2021-07-22 16:19:41
9090,BOTH,2021-07-22 17:32:42,2021-07-22 18:06:24
9091,BOTH,2021-07-22 17:25:16,2021-07-22 18:06:55
9092,BOTH,2021-07-22 17:54:45,2021-07-22 16:11:30
9093,RUBBISH,,2021-07-22 15:00:14
9094,RUBBISH,,2021-07-22 18:03:20
9095,BOTH,2021-07-22 17:25:32,2021-07-22 18:03:36
9096,BOTH,2021-07-22 17:25:47,2021-07-22 18:03:35
9098,RUBBISH,,2021-07-22 14:40:05
9099,RUBBISH,,2021-07-22 15:13:36
9100,RUBBISH,,2021-07-22 14:55:25
9101,RUBBISH,,2021-07-22 14:24:44
9102,BOTH,2021-07-22 20:49:25,2021-07-22 22:23:39
9103,BOTH,2021-07-22 14:56:54,2021-07-22 20:33:06
9104,RUBBISH,,2021-07-22 16:52:21
9105,RUBBISH,,2021-07-22 16:49:00
9106,RUBBISH,,2021-07-22 16:47:43
9107,BOTH,2021-07-22 14:55:52,2021-07-22 20:32:51
9108,BOTH,2021-07-22 20:48:24,2021-07-22 22:23:24
9109,BOTH,2021-07-22 20:51:13,2021-07-22 22:25:12
9110,BOTH,2021-07-22 18:32:41,2021-07-22 18:05:08
9111,RECYCLE,2021-07-22 18:31:55,
9112,BOTH,2021-07-22 17:55:46,2021-07-22 18:05:38
9113,RUBBISH,,2021-07-22 13:40:36
9114,BOTH,2021-07-22 17:55:16,2021-07-22 18:06:09
9115,BOTH,2021-07-22 17:38:05,2021-07-22 15:54:01
9116,BOTH,2021-07-22 17:55:31,2021-07-22 18:05:54
9117,BOTH,2021-07-22 20:50:58,2021-07-22 22:24:56
9118,RUBBISH,,2021-07-22 18:08:52
9119,BOTH,2021-07-22 20:50:27,2021-07-22 22:24:25
9120,BOTH,2021-07-22 20:49:41,2021-07-22 22:23:55
9121,RUBBISH,,2021-07-22 18:15:11
9122,RUBBISH,,2021-07-22 18:48:58
9123,RUBBISH,,2021-07-22 20:24:22
9124,RUBBISH,,2021-07-22 20:24:38
9125,RUBBISH,,2021-07-22 18:09:07
9126,RUBBISH,,2021-07-22 18:18:21
9127,RUBBISH,,2021-07-22 14:46:36
9128,BOTH,2021-07-22 13:37:45,2021-07-22 14:46:21
9129,BOTH,2021-07-22 14:26:18,2021-07-22 15:01:16
9130,BOTH,2021-07-22 14:26:33,2021-07-22 14:11:54
9131,BOTH,2021-07-22 14:25:47,2021-07-22 15:00:45
9132,BOTH,2021-07-22 14:26:03,2021-07-22 15:01:01
9133,RECYCLE,2021-07-22 17:53:12,
9134,BOTH,2021-07-22 14:25:16,2021-07-22 14:59:59
9135,BOTH,2021-07-22 12:42:33,2021-07-22 17:03:45
9136,BOTH,2021-07-22 12:34:21,2021-07-22 16:53:16
9137,BOTH,2021-07-22 13:10:32,2021-07-22 13:53:55
9138,BOTH,2021-07-22 14:28:52,2021-07-22 15:27:17
9141,BOTH,2021-07-22 14:28:36,2021-07-22 15:26:46
9142,BOTH,2021-07-22 12:59:59,2021-07-22 14:28:21
9143,BOTH,2021-07-22 13:52:24,2021-07-22 13:22:04
9144,BOTH,2021-07-22 14:11:10,2021-07-22 13:44:56
9145,BOTH,2021-07-22 14:06:17,2021-07-22 13:38:46
9146,BOTH,2021-07-22 13:34:09,2021-07-22 14:45:50
9147,BOTH,2021-07-22 14:26:49,2021-07-22 14:28:36
9148,BOTH,2021-07-22 14:13:13,2021-07-22 13:46:44
9149,BOTH,2021-07-22 14:27:04,2021-07-22 14:00:05
9150,BOTH,2021-07-22 13:45:58,2021-07-22 15:25:13
9151,BOTH,2021-07-22 13:39:33,2021-07-22 15:16:27
9152,BOTH,2021-07-22 12:13:03,2021-07-22 15:15:10
9153,BOTH,2021-07-22 13:39:02,2021-07-22 15:02:03
9154,BOTH,2021-07-22 12:47:10,2021-07-22 14:13:11
9155,BOTH,2021-07-22 13:39:17,2021-07-22 15:16:12
9156,RUBBISH,,2021-07-22 14:05:17
9157,RUBBISH,,2021-07-22 14:14:45
9158,RUBBISH,,2021-07-22 18:09:59
9159,RUBBISH,,2021-07-22 14:16:02
9213,BOTH,2021-07-22 15:55:45,2021-07-22 18:24:20
9220,BOTH,2021-07-22 14:35:48,2021-07-22 15:36:49
9464,RECYCLE,2021-07-22 12:52:23,
9465,RECYCLE,2021-07-22 12:53:56,
9466,RECYCLE,2021-07-22 12:54:42,
9467,RECYCLE,2021-07-22 12:20:03,
9490,RUBBISH,,2021-07-22 14:34:58
9499,BOTH,2021-07-22 12:28:26,2021-07-22 17:27:47
9504,RECYCLE,2021-07-22 22:25:34,
9505,RECYCLE,2021-07-22 13:20:23,
9506,RECYCLE,2021-07-22 22:25:03,
9507,RECYCLE,2021-07-22 22:29:10,
9508,RECYCLE,2021-07-22 22:33:01,
9509,RECYCLE,2021-07-22 13:54:16,
9510,RECYCLE,2021-07-22 13:57:37,
9512,RECYCLE,2021-07-22 13:35:32,
9539,RECYCLE,2021-07-22 12:54:27,
9544,RUBBISH,,2021-07-22 21:37:49
9546,RUBBISH,,2021-07-22 16:00:13
9547,RUBBISH,,2021-07-22 16:01:15
9555,RUBBISH,,2021-07-22 15:01:08
9556,RUBBISH,,2021-07-22 13:55:19
9557,RUBBISH,,2021-07-22 13:50:12
9559,RUBBISH,,2021-07-22 16:32:19
9561,RUBBISH,,2021-07-22 17:56:35
9562,RUBBISH,,2021-07-22 16:21:01
9563,RUBBISH,,2021-07-22 17:27:07
9564,RUBBISH,,2021-07-22 16:04:35
9565,RUBBISH,,2021-07-22 16:09:29
9567,RUBBISH,,2021-07-22 17:36:23
9568,RUBBISH,,2021-07-22 17:36:38
9569,RUBBISH,,2021-07-22 13:59:35
9570,RUBBISH,,2021-07-22 16:16:56
9573,RUBBISH,,2021-07-22 17:39:13
9583,RUBBISH,,2021-07-22 11:45:44
9584,RUBBISH,,2021-07-22 16:40:32
9589,RUBBISH,,2021-07-22 16:39:25
9590,RUBBISH,,2021-07-22 16:39:00
9591,RUBBISH,,2021-07-22 15:55:26
9592,RUBBISH,,2021-07-22 16:07:47
9593,RUBBISH,,2021-07-22 16:08:02
9596,RUBBISH,,2021-07-22 16:38:54
9597,RUBBISH,,2021-07-22 16:03:40
9598,RUBBISH,,2021-07-22 22:56:23
9599,RUBBISH,,2021-07-22 22:56:38
9600,RUBBISH,,2021-07-22 16:04:57
9602,RUBBISH,,2021-07-22 16:35:49
9603,RUBBISH,,2021-07-22 16:34:01
9605,RUBBISH,,2021-07-22 22:56:54
9607,RUBBISH,,2021-07-22 15:01:23
9608,RUBBISH,,2021-07-22 16:13:05
9609,RUBBISH,,2021-07-22 22:57:09
9611,RUBBISH,,2021-07-22 15:02:10
9612,RUBBISH,,2021-07-22 22:57:25
9614,RUBBISH,,2021-07-22 13:08:54
9615,RUBBISH,,2021-07-22 12:41:38
9616,RUBBISH,,2021-07-22 18:01:27
9620,RUBBISH,,2021-07-22 15:07:34
9621,RUBBISH,,2021-07-22 16:47:29
9622,RUBBISH,,2021-07-22 12:40:52
9623,RUBBISH,,2021-07-22 18:22:31
9624,RUBBISH,,2021-07-22 18:22:47
9625,RUBBISH,,2021-07-22 18:23:02
9627,RUBBISH,,2021-07-22 15:29:56
9650,RUBBISH,,2021-07-22 16:29:07
9653,RUBBISH,,2021-07-22 13:03:53
9654,RUBBISH,,2021-07-22 13:40:06
9655,RUBBISH,,2021-07-22 13:11:05
9769,RUBBISH,,2021-07-22 16:24:37
9771,RUBBISH,,2021-07-22 16:24:14
9772,RUBBISH,,2021-07-22 13:28:32
9773,RUBBISH,,2021-07-22 13:39:50
9775,RUBBISH,,2021-07-22 16:25:01
9777,RUBBISH,,2021-07-22 16:36:04
9778,RUBBISH,,2021-07-22 16:30:09
9779,RUBBISH,,2021-07-22 16:29:22
9780,RUBBISH,,2021-07-22 13:19:33
9782,RUBBISH,,2021-07-22 13:54:13
9783,RUBBISH,,2021-07-22 16:21:24
9784,RUBBISH,,2021-07-22 16:48:56
9785,RUBBISH,,2021-07-22 15:34:19
9788,RUBBISH,,2021-07-22 22:57:40
9789,RUBBISH,,2021-07-22 13:00:27
9793,RUBBISH,,2021-07-22 15:16:35
9797,RUBBISH,,2021-07-22 15:20:56
9800,RUBBISH,,2021-07-22 12:58:40
9801,RUBBISH,,2021-07-22 15:12:13
9802,RUBBISH,,2021-07-22 18:24:34
9803,RUBBISH,,2021-07-22 18:24:19
9804,RUBBISH,,2021-07-22 18:24:18
9813,RUBBISH,,2021-07-22 12:23:19
9814,RUBBISH,,2021-07-22 16:50:13
9815,RUBBISH,,2021-07-22 16:49:26
9819,RUBBISH,,2021-07-22 16:47:08
9824,RUBBISH,,2021-07-22 16:52:01
9825,RUBBISH,,2021-07-22 15:12:12
9826,RUBBISH,,2021-07-22 15:12:05
9827,RUBBISH,,2021-07-22 15:11:58
9828,RUBBISH,,2021-07-22 15:11:42
9829,RUBBISH,,2021-07-22 14:34:16
9830,RUBBISH,,2021-07-22 14:34:32
9831,RUBBISH,,2021-07-22 14:16:03
9837,RUBBISH,,2021-07-22 19:20:31
9841,RUBBISH,,2021-07-22 15:29:35
9842,RUBBISH,,2021-07-22 15:27:00
9852,RUBBISH,,2021-07-22 13:58:49
9866,RUBBISH,,2021-07-22 12:22:34
9868,RUBBISH,,2021-07-22 20:09:52
9872,RUBBISH,,2021-07-22 11:59:29
10311,RUBBISH,,2021-07-22 13:41:35
10316,RUBBISH,,2021-07-22 17:58:49
10317,RUBBISH,,2021-07-22 17:46:18
10318,RUBBISH,,2021-07-22 17:48:22
10320,RUBBISH,,2021-07-22 14:41:05
10321,RUBBISH,,2021-07-22 18:21:19
10322,RUBBISH,,2021-07-22 15:07:25
10323,RUBBISH,,2021-07-22 18:20:48
10325,RUBBISH,,2021-07-22 14:31:49
10326,RUBBISH,,2021-07-22 13:05:01
10329,RUBBISH,,2021-07-22 16:13:31
10330,RUBBISH,,2021-07-22 16:16:51
10334,RUBBISH,,2021-07-22 16:02:32
10337,RUBBISH,,2021-07-22 15:49:25
10338,RUBBISH,,2021-07-22 12:51:24
10339,RUBBISH,,2021-07-22 12:52:40
10340,RUBBISH,,2021-07-22 19:36:39
10343,RUBBISH,,2021-07-22 12:44:37
10344,RUBBISH,,2021-07-22 12:42:03
10345,RUBBISH,,2021-07-22 11:37:40
10346,RUBBISH,,2021-07-22 14:13:59
10347,RUBBISH,,2021-07-22 15:03:20
10348,RUBBISH,,2021-07-22 13:06:09
10349,RUBBISH,,2021-07-22 12:55:53
10350,RUBBISH,,2021-07-22 12:54:36
10351,RUBBISH,,2021-07-22 12:54:05
10352,RUBBISH,,2021-07-22 14:56:38
10353,RUBBISH,,2021-07-22 14:55:36
10354,RUBBISH,,2021-07-22 14:31:57
10355,RUBBISH,,2021-07-22 14:21:40
10359,RUBBISH,,2021-07-22 17:56:20
10360,RUBBISH,,2021-07-22 14:05:59
10361,RUBBISH,,2021-07-22 16:34:23
10362,RUBBISH,,2021-07-22 12:55:14
10363,RUBBISH,,2021-07-22 16:33:52
10364,RUBBISH,,2021-07-22 13:01:30
10365,RUBBISH,,2021-07-22 13:24:59
10366,RUBBISH,,2021-07-22 16:16:37
10367,RUBBISH,,2021-07-22 16:02:13
10369,RUBBISH,,2021-07-22 12:32:46
10370,RUBBISH,,2021-07-22 12:54:51
10372,RUBBISH,,2021-07-22 16:17:57
10373,RUBBISH,,2021-07-22 16:18:59
10375,RUBBISH,,2021-07-22 15:32:57
10376,RUBBISH,,2021-07-22 16:36:13
10377,RUBBISH,,2021-07-22 16:00:59
10381,RUBBISH,,2021-07-22 15:15:51
10382,RUBBISH,,2021-07-22 15:16:06
10384,RUBBISH,,2021-07-22 14:56:35
10391,RUBBISH,,2021-07-22 16:29:17
10392,RUBBISH,,2021-07-22 17:35:36
10393,RUBBISH,,2021-07-22 17:35:52
10394,RUBBISH,,2021-07-22 17:36:07
10395,RUBBISH,,2021-07-22 16:32:07
10396,RUBBISH,,2021-07-22 13:59:25
10397,RUBBISH,,2021-07-22 13:59:17
10398,RUBBISH,,2021-07-22 13:59:10
10399,RUBBISH,,2021-07-22 12:45:46
10425,RUBBISH,,2021-07-22 16:39:46
10426,RUBBISH,,2021-07-22 16:39:16
10427,RUBBISH,,2021-07-22 16:39:31
10449,RUBBISH,,2021-07-22 17:08:02
10450,RUBBISH,,2021-07-22 17:08:18
10451,RUBBISH,,2021-07-22 18:23:17
10452,RUBBISH,,2021-07-22 18:23:48
10454,RUBBISH,,2021-07-22 18:24:04
10455,RUBBISH,,2021-07-22 17:02:23
10486,RUBBISH,,2021-07-22 17:39:28
10495,RUBBISH,,2021-07-22 15:29:19
10496,RUBBISH,,2021-07-22 15:27:16
10498,RUBBISH,,2021-07-22 19:19:53
10499,RUBBISH,,2021-07-22 14:42:14
10502,RUBBISH,,2021-07-22 14:47:53
10503,RUBBISH,,2021-07-22 13:58:19
10504,RUBBISH,,2021-07-22 19:19:29
10505,RUBBISH,,2021-07-22 19:19:37
10506,RUBBISH,,2021-07-22 19:19:45
10507,RUBBISH,,2021-07-22 14:33:30
10542,RUBBISH,,2021-07-22 13:38:26
10544,RUBBISH,,2021-07-22 13:37:56
10545,RUBBISH,,2021-07-22 12:58:03
10546,RUBBISH,,2021-07-22 13:37:40
10547,RUBBISH,,2021-07-22 13:30:44
10568,RUBBISH,,2021-07-22 15:26:29
10569,RUBBISH,,2021-07-22 15:26:45
10570,RUBBISH,,2021-07-22 15:16:11
10572,RUBBISH,,2021-07-22 14:02:26
10573,RUBBISH,,2021-07-22 13:59:05
10576,RUBBISH,,2021-07-22 16:47:38
10577,RUBBISH,,2021-07-22 16:48:09
10579,RUBBISH,,2021-07-22 16:52:47
10580,RUBBISH,,2021-07-22 16:53:03
10581,RUBBISH,,2021-07-22 13:21:36
10582,RUBBISH,,2021-07-22 15:21:05
10583,RUBBISH,,2021-07-22 16:52:32
10585,RUBBISH,,2021-07-22 16:52:16
10591,RUBBISH,,2021-07-22 12:52:34
10593,RUBBISH,,2021-07-22 12:52:50
10594,RUBBISH,,2021-07-22 12:51:29
10595,RUBBISH,,2021-07-22 13:53:19
10596,RUBBISH,,2021-07-22 17:23:12
10597,RUBBISH,,2021-07-22 13:56:08
10598,RUBBISH,,2021-07-22 14:04:53
10600,RUBBISH,,2021-07-22 15:26:05
10601,RUBBISH,,2021-07-22 13:27:37
10602,RUBBISH,,2021-07-22 15:28:24
10606,RUBBISH,,2021-07-22 14:38:07
10641,RUBBISH,,2021-07-22 21:36:17
10659,RUBBISH,,2021-07-22 15:02:56
10667,RUBBISH,,2021-07-22 17:38:51
10674,RUBBISH,,2021-07-22 13:38:33
10675,RUBBISH,,2021-07-22 13:27:33
10676,RUBBISH,,2021-07-22 13:38:49
10677,RUBBISH,,2021-07-22 12:47:23
10680,RUBBISH,,2021-07-22 13:52:07
10684,RUBBISH,,2021-07-22 13:39:35
10689,RUBBISH,,2021-07-22 12:56:51
10713,RUBBISH,,2021-07-22 12:45:21
10714,RUBBISH,,2021-07-22 12:47:40
10719,RUBBISH,,2021-07-22 12:07:17
10723,RUBBISH,,2021-07-22 12:19:20
10724,RUBBISH,,2021-07-22 12:36:47
10726,RUBBISH,,2021-07-22 15:36:02
10730,RUBBISH,,2021-07-22 13:22:56
10731,RUBBISH,,2021-07-22 17:30:28
10732,RUBBISH,,2021-07-22 17:35:21
10735,RUBBISH,,2021-07-22 16:32:45
10736,RUBBISH,,2021-07-22 14:59:42
10740,RUBBISH,,2021-07-22 15:11:16
10741,RUBBISH,,2021-07-22 15:16:09
10744,RUBBISH,,2021-07-22 15:15:54
10747,RUBBISH,,2021-07-22 16:17:08
10749,RUBBISH,,2021-07-22 16:17:39
10750,RUBBISH,,2021-07-22 14:40:15
10751,RUBBISH,,2021-07-22 17:58:54
10754,RUBBISH,,2021-07-22 16:45:24
10755,RUBBISH,,2021-07-22 17:41:49
10756,RUBBISH,,2021-07-22 16:58:32
10758,RUBBISH,,2021-07-22 12:59:23
10759,RUBBISH,,2021-07-22 17:42:04
10760,RUBBISH,,2021-07-22 16:29:14
10761,RUBBISH,,2021-07-22 15:14:55
10762,RUBBISH,,2021-07-22 15:04:21
10764,RUBBISH,,2021-07-22 15:01:47
10766,RUBBISH,,2021-07-22 14:58:41
10767,RUBBISH,,2021-07-22 14:40:25
10768,RUBBISH,,2021-07-22 15:59:54
10769,RUBBISH,,2021-07-22 14:41:43
10770,RUBBISH,,2021-07-22 14:55:52
10773,RUBBISH,,2021-07-22 14:59:12
10774,RUBBISH,,2021-07-22 12:46:39
10775,RUBBISH,,2021-07-22 14:21:05
10778,RUBBISH,,2021-07-22 13:13:27
10781,RUBBISH,,2021-07-22 13:03:24
10784,RUBBISH,,2021-07-22 13:01:23
10785,RUBBISH,,2021-07-22 13:05:06
10787,RUBBISH,,2021-07-22 13:04:51
10791,RUBBISH,,2021-07-22 12:12:40
10792,RUBBISH,,2021-07-22 16:22:12
10793,RUBBISH,,2021-07-22 13:05:21
10794,RUBBISH,,2021-07-22 16:22:19
10795,RUBBISH,,2021-07-22 13:02:16
10796,RUBBISH,,2021-07-22 15:13:44
10797,RUBBISH,,2021-07-22 16:22:27
10798,RUBBISH,,2021-07-22 14:38:21
10799,RUBBISH,,2021-07-22 21:40:39
10803,RUBBISH,,2021-07-22 14:50:05
10806,RUBBISH,,2021-07-22 14:38:30
10808,RUBBISH,,2021-07-22 14:11:15
10809,RUBBISH,,2021-07-22 14:36:27
10811,RUBBISH,,2021-07-22 14:34:39
10820,RUBBISH,,2021-07-22 14:31:41
10821,RUBBISH,,2021-07-22 14:28:51
10822,RUBBISH,,2021-07-22 13:45:43
10823,RUBBISH,,2021-07-22 14:07:02
10824,RUBBISH,,2021-07-22 14:18:51
10825,RUBBISH,,2021-07-22 14:15:30
10826,RUBBISH,,2021-07-22 14:09:51
10827,RUBBISH,,2021-07-22 12:55:14
10828,RUBBISH,,2021-07-22 15:30:34
10829,RUBBISH,,2021-07-22 15:51:56
10830,RUBBISH,,2021-07-22 15:46:00
10831,RUBBISH,,2021-07-22 15:16:25
10832,RUBBISH,,2021-07-22 14:25:00
10834,RUBBISH,,2021-07-22 13:51:38
10835,RUBBISH,,2021-07-22 14:06:47
10837,RUBBISH,,2021-07-22 13:51:22
10838,RUBBISH,,2021-07-22 14:26:17
10839,RUBBISH,,2021-07-22 14:26:33
10840,RUBBISH,,2021-07-22 14:26:48
10843,RUBBISH,,2021-07-22 13:41:21
10844,RUBBISH,,2021-07-22 13:09:30
10847,RUBBISH,,2021-07-22 17:37:31
10848,RUBBISH,,2021-07-22 14:39:59
10849,RUBBISH,,2021-07-22 15:59:42
10850,RUBBISH,,2021-07-22 16:01:44
10851,RUBBISH,,2021-07-22 12:24:28
10852,RUBBISH,,2021-07-22 14:08:33
10853,RUBBISH,,2021-07-22 12:54:59
10856,RUBBISH,,2021-07-22 14:37:17
10857,RUBBISH,,2021-07-22 14:06:42
10858,RUBBISH,,2021-07-22 14:02:39
10859,RUBBISH,,2021-07-22 14:01:37
10860,RUBBISH,,2021-07-22 13:23:57
10861,RUBBISH,,2021-07-22 13:50:09
10862,RUBBISH,,2021-07-22 13:24:58
10866,RUBBISH,,2021-07-22 13:14:46
10867,RUBBISH,,2021-07-22 12:44:50
10868,RUBBISH,,2021-07-22 13:00:46
10869,RUBBISH,,2021-07-22 12:55:06
10870,RUBBISH,,2021-07-22 13:25:39
10871,RUBBISH,,2021-07-22 13:36:57
10874,RUBBISH,,2021-07-22 12:14:01
10875,RUBBISH,,2021-07-22 12:03:45
10876,RUBBISH,,2021-07-22 17:37:25
10877,RUBBISH,,2021-07-22 17:41:01
10878,RUBBISH,,2021-07-22 14:36:16
10879,RUBBISH,,2021-07-22 17:39:43
10880,RUBBISH,,2021-07-22 17:39:59
10881,RUBBISH,,2021-07-22 13:38:13
10882,RUBBISH,,2021-07-22 17:40:14
10883,RUBBISH,,2021-07-22 17:41:16
10885,RUBBISH,,2021-07-22 17:38:42
10951,RUBBISH,,2021-07-22 13:38:18
10967,RUBBISH,,2021-07-22 18:19:31
10968,RUBBISH,,2021-07-22 13:14:55
10969,RUBBISH,,2021-07-22 13:10:35
10970,RUBBISH,,2021-07-22 17:47:02
10981,RUBBISH,,2021-07-22 13:33:49
10983,RUBBISH,,2021-07-22 18:08:31
10985,RUBBISH,,2021-07-22 18:19:16
10986,RUBBISH,,2021-07-22 13:30:30
10988,RUBBISH,,2021-07-22 13:51:00
10989,RUBBISH,,2021-07-22 13:27:54
10990,RUBBISH,,2021-07-22 14:25:32
10994,RUBBISH,,2021-07-22 13:26:38
10995,RUBBISH,,2021-07-22 13:26:53
10998,RUBBISH,,2021-07-22 13:24:03
10999,RUBBISH,,2021-07-22 13:23:17
11001,RUBBISH,,2021-07-22 13:48:31
11002,RUBBISH,,2021-07-22 14:25:17
11003,RUBBISH,,2021-07-22 14:23:07
11004,RUBBISH,,2021-07-22 14:22:21
11005,RUBBISH,,2021-07-22 13:52:48
11006,RUBBISH,,2021-07-22 14:22:05
11007,RUBBISH,,2021-07-22 14:04:06
11008,RUBBISH,,2021-07-22 13:38:00
11009,RUBBISH,,2021-07-22 14:19:06
11010,RUBBISH,,2021-07-22 14:24:00
11034,RUBBISH,,2021-07-22 16:37:29
11035,RUBBISH,,2021-07-22 16:36:27
11071,RUBBISH,,2021-07-22 14:19:31
11072,RUBBISH,,2021-07-22 14:14:23
11073,RUBBISH,,2021-07-22 14:14:38
11074,RUBBISH,,2021-07-22 13:42:37
11076,RUBBISH,,2021-07-22 14:23:22
11077,RUBBISH,,2021-07-22 13:53:50
11078,RUBBISH,,2021-07-22 13:53:03
11079,RUBBISH,,2021-07-22 14:18:29
11080,RUBBISH,,2021-07-22 14:18:44
11081,RUBBISH,,2021-07-22 14:19:00
11082,RUBBISH,,2021-07-22 14:23:30
11084,RUBBISH,,2021-07-22 14:17:43
11085,RUBBISH,,2021-07-22 14:18:13
11086,RUBBISH,,2021-07-22 17:02:07
11088,RUBBISH,,2021-07-22 17:01:21
11089,RUBBISH,,2021-07-22 12:42:09
11090,RUBBISH,,2021-07-22 12:54:44
11091,RUBBISH,,2021-07-22 12:29:36
11093,RUBBISH,,2021-07-22 15:02:43
11094,RUBBISH,,2021-07-22 15:10:41
11099,RUBBISH,,2021-07-22 12:17:10
11104,RUBBISH,,2021-07-22 22:03:03
11549,RUBBISH,,2021-07-22 12:33:51
11552,RUBBISH,,2021-07-22 12:34:22
11553,RUBBISH,,2021-07-22 12:34:38
11568,RUBBISH,,2021-07-22 15:03:34
11569,RUBBISH,,2021-07-22 15:06:24
11573,RUBBISH,,2021-07-22 14:50:39
11574,RUBBISH,,2021-07-22 22:03:49
11575,RUBBISH,,2021-07-22 22:03:34
11577,RUBBISH,,2021-07-22 22:03:18
11578,RUBBISH,,2021-07-22 14:59:07
11583,RUBBISH,,2021-07-22 15:17:14
11585,RUBBISH,,2021-07-22 15:00:53
11586,RUBBISH,,2021-07-22 14:21:56
11589,RUBBISH,,2021-07-22 14:10:54
11609,RUBBISH,,2021-07-22 17:33:12
11610,RUBBISH,,2021-07-22 14:15:30
11611,RUBBISH,,2021-07-22 14:18:20
11615,RUBBISH,,2021-07-22 14:17:26
11686,RUBBISH,,2021-07-22 16:00:25
11687,RUBBISH,,2021-07-22 15:55:04
11688,RUBBISH,,2021-07-22 16:19:56
11689,RUBBISH,,2021-07-22 16:00:56
11690,RUBBISH,,2021-07-22 16:08:39
11691,RUBBISH,,2021-07-22 14:10:11
11692,RUBBISH,,2021-07-22 16:09:56
11693,RUBBISH,,2021-07-22 16:31:12
11694,RUBBISH,,2021-07-22 17:57:22
11695,RUBBISH,,2021-07-22 17:57:06
11696,RUBBISH,,2021-07-22 17:38:17
11886,RUBBISH,,2021-07-22 17:40:46
11889,RUBBISH,,2021-07-22 17:41:02
11926,RUBBISH,,2021-07-22 17:41:33
11929,RUBBISH,,2021-07-22 17:41:17
11934,RUBBISH,,2021-07-22 21:03:43
11962,RUBBISH,,2021-07-22 20:45:39
11966,RUBBISH,,2021-07-22 20:49:48
11972,RUBBISH,,2021-07-22 16:34:45
11980,RUBBISH,,2021-07-22 20:52:07
12010,RUBBISH,,2021-07-22 16:34:14
12020,RUBBISH,,2021-07-22 20:38:57
12031,RUBBISH,,2021-07-22 16:33:28
12480,RUBBISH,,2021-07-22 21:11:11
12976,RUBBISH,,2021-07-22 17:36:41
12978,RUBBISH,,2021-07-22 20:14:44
12990,RUBBISH,,2021-07-22 17:24:03
12991,RUBBISH,,2021-07-22 13:37:01
12994,RUBBISH,,2021-07-22 14:14:05
13002,RUBBISH,,2021-07-22 16:53:00
13004,RUBBISH,,2021-07-22 16:37:46
13005,RUBBISH,,2021-07-22 20:14:13
13006,RUBBISH,,2021-07-22 20:16:01
13008,RUBBISH,,2021-07-22 17:24:34
13011,RUBBISH,,2021-07-22 17:38:29
13014,RUBBISH,,2021-07-22 17:36:56
13015,RUBBISH,,2021-07-22 17:31:47
13016,RUBBISH,,2021-07-22 17:35:39
13017,RUBBISH,,2021-07-22 17:29:45
13019,RUBBISH,,2021-07-22 15:20:22
13023,RUBBISH,,2021-07-22 17:38:44
13024,RUBBISH,,2021-07-22 17:24:49
13026,RUBBISH,,2021-07-22 14:53:05
13031,RUBBISH,,2021-07-22 16:29:31
13032,RUBBISH,,2021-07-22 17:31:15
13033,RUBBISH,,2021-07-22 14:09:13
13034,RUBBISH,,2021-07-22 17:21:28
13037,RUBBISH,,2021-07-22 14:07:24
13038,RUBBISH,,2021-07-22 17:36:40
13043,RUBBISH,,2021-07-22 17:39:00
13044,RUBBISH,,2021-07-22 17:39:46
13047,RUBBISH,,2021-07-22 14:53:20
13049,RUBBISH,,2021-07-22 20:27:20
13051,RUBBISH,,2021-07-22 20:15:00
13053,RUBBISH,,2021-07-22 20:13:27
13056,RUBBISH,,2021-07-22 17:06:39
13076,RUBBISH,,2021-07-22 17:33:07
13082,RUBBISH,,2021-07-22 15:10:22
13093,RUBBISH,,2021-07-22 17:16:24
13131,RUBBISH,,2021-07-22 15:50:31
13132,RUBBISH,,2021-07-22 17:40:01
13133,RUBBISH,,2021-07-22 14:25:11
13134,RUBBISH,,2021-07-22 17:57:17
13135,RUBBISH,,2021-07-22 17:03:12
13136,RUBBISH,,2021-07-22 17:14:05
13137,RUBBISH,,2021-07-22 16:59:52
13140,RUBBISH,,2021-07-22 15:40:17
13142,RUBBISH,,2021-07-22 14:53:28
13147,RUBBISH,,2021-07-22 15:23:19
13149,RUBBISH,,2021-07-22 17:13:44
13153,RUBBISH,,2021-07-22 13:52:47
13157,RUBBISH,,2021-07-22 16:16:52
13162,RUBBISH,,2021-07-22 17:25:30
13166,RUBBISH,,2021-07-22 20:28:22
13167,RUBBISH,,2021-07-22 20:28:07
13168,RUBBISH,,2021-07-22 20:27:36
13169,RUBBISH,,2021-07-22 20:27:51
13170,RUBBISH,,2021-07-22 20:04:58
13172,RUBBISH,,2021-07-22 20:04:12
13174,RUBBISH,,2021-07-22 20:04:27
13184,RUBBISH,,2021-07-22 18:30:37
13185,RUBBISH,,2021-07-22 18:37:48
13186,RUBBISH,,2021-07-22 16:01:53
13187,RUBBISH,,2021-07-22 20:04:04
13188,RUBBISH,,2021-07-22 16:00:20
13190,RUBBISH,,2021-07-22 18:36:20
13191,RUBBISH,,2021-07-22 18:36:14
13192,RUBBISH,,2021-07-22 18:36:36
13193,RUBBISH,,2021-07-22 18:27:32
13194,RUBBISH,,2021-07-22 18:27:47
13247,RUBBISH,,2021-07-22 15:59:54
13248,RUBBISH,,2021-07-22 18:42:40
13249,RUBBISH,,2021-07-22 13:37:24
13250,RUBBISH,,2021-07-22 18:42:55
13251,RUBBISH,,2021-07-22 18:49:05
13253,RUBBISH,,2021-07-22 18:51:23
13254,RUBBISH,,2021-07-22 14:54:07
13255,RUBBISH,,2021-07-22 15:49:45
13256,RUBBISH,,2021-07-22 15:15:49
13257,RUBBISH,,2021-07-22 15:13:15
13258,RUBBISH,,2021-07-22 18:49:20
13259,RUBBISH,,2021-07-22 17:59:51
13260,RUBBISH,,2021-07-22 18:49:35
13262,RUBBISH,,2021-07-22 18:50:22
13263,RUBBISH,,2021-07-22 14:28:01
13273,RUBBISH,,2021-07-22 13:20:13
13275,RUBBISH,,2021-07-22 13:21:15
13299,RUBBISH,,2021-07-22 14:58:09
13306,RUBBISH,,2021-07-22 13:48:01
13321,RUBBISH,,2021-07-22 16:36:10
13331,RUBBISH,,2021-07-22 16:52:38
13338,RUBBISH,,2021-07-22 16:33:35
13343,RUBBISH,,2021-07-22 14:22:35
13346,RUBBISH,,2021-07-22 14:19:29
13349,RUBBISH,,2021-07-22 14:02:28
13372,RUBBISH,,2021-07-22 14:18:59
13373,RUBBISH,,2021-07-22 14:42:10
13374,RUBBISH,,2021-07-22 14:54:02
13375,RUBBISH,,2021-07-22 14:49:39
13376,RUBBISH,,2021-07-22 14:30:19
13377,RUBBISH,,2021-07-22 14:41:24
13404,RUBBISH,,2021-07-22 14:57:54
13405,RUBBISH,,2021-07-22 14:53:00
13406,RUBBISH,,2021-07-22 14:30:49
13407,RUBBISH,,2021-07-22 14:31:20
14722,RUBBISH,,2021-07-22 19:13:39
14733,RUBBISH,,2021-07-22 13:22:18
14822,RUBBISH,,2021-07-22 13:58:30
14823,RUBBISH,,2021-07-22 13:37:26
14824,RUBBISH,,2021-07-22 13:39:45
14825,RUBBISH,,2021-07-22 15:12:19
14837,RUBBISH,,2021-07-22 12:37:25
14838,RUBBISH,,2021-07-22 15:35:28
14839,RUBBISH,,2021-07-22 15:46:33
14841,RUBBISH,,2021-07-22 15:31:37
14842,RUBBISH,,2021-07-22 15:29:03
14843,RUBBISH,,2021-07-22 15:47:35
14847,RUBBISH,,2021-07-22 12:21:45
14848,RUBBISH,,2021-07-22 12:44:20
14849,RUBBISH,,2021-07-22 18:40:31
14851,RUBBISH,,2021-07-22 12:13:48
14852,RUBBISH,,2021-07-22 12:15:05
14854,RUBBISH,,2021-07-22 15:34:11
14858,RUBBISH,,2021-07-22 18:41:17
14859,RUBBISH,,2021-07-22 18:40:46
14860,RUBBISH,,2021-07-22 18:41:02
14863,RUBBISH,,2021-07-22 15:48:52
14865,RUBBISH,,2021-07-22 12:22:47
14869,RUBBISH,,2021-07-22 16:30:18
14870,RUBBISH,,2021-07-22 15:52:43
14871,RUBBISH,,2021-07-22 16:03:00
14873,RUBBISH,,2021-07-22 17:06:42
14883,RUBBISH,,2021-07-22 12:23:15
14885,RUBBISH,,2021-07-22 14:54:16
14886,RUBBISH,,2021-07-22 12:05:48
14889,RUBBISH,,2021-07-22 19:07:29
14892,RUBBISH,,2021-07-22 15:11:17
14893,RUBBISH,,2021-07-22 14:51:42
14896,RUBBISH,,2021-07-22 14:17:04
14902,RUBBISH,,2021-07-22 14:04:30
14908,RUBBISH,,2021-07-22 12:52:49
14909,RUBBISH,,2021-07-22 13:12:04
14921,RUBBISH,,2021-07-22 16:06:45
14922,RUBBISH,,2021-07-22 15:51:34
14923,RUBBISH,,2021-07-22 15:51:18
14925,RUBBISH,,2021-07-22 15:51:49
14926,RUBBISH,,2021-07-22 16:06:30
14927,RUBBISH,,2021-07-22 16:02:38
14929,RUBBISH,,2021-07-22 13:05:07
14930,RUBBISH,,2021-07-22 13:08:27
14931,RUBBISH,,2021-07-22 16:09:04
14932,RUBBISH,,2021-07-22 16:12:10
14941,RUBBISH,,2021-07-22 16:00:34
14943,RUBBISH,,2021-07-22 15:50:47
14944,RUBBISH,,2021-07-22 15:51:03
14945,RUBBISH,,2021-07-22 15:50:32
14946,RUBBISH,,2021-07-22 15:50:16
14967,RUBBISH,,2021-07-22 14:18:22
14969,RUBBISH,,2021-07-22 13:18:27
14970,RUBBISH,,2021-07-22 13:21:32
14971,RUBBISH,,2021-07-22 13:24:22
14975,RUBBISH,,2021-07-22 13:25:54
14980,RUBBISH,,2021-07-22 16:31:30
14984,RUBBISH,,2021-07-22 15:17:34
14986,RUBBISH,,2021-07-22 15:20:08
14988,RUBBISH,,2021-07-22 15:21:57
14989,RUBBISH,,2021-07-22 15:34:48
14991,RUBBISH,,2021-07-22 15:30:26
15005,RUBBISH,,2021-07-22 14:35:36
15007,RUBBISH,,2021-07-22 14:46:55
15009,RUBBISH,,2021-07-22 14:37:54
15016,RUBBISH,,2021-07-22 13:16:42
15017,RUBBISH,,2021-07-22 13:19:00
15271,RUBBISH,,2021-07-22 15:16:32
15272,RUBBISH,,2021-07-22 15:13:58
15273,RUBBISH,,2021-07-22 15:11:23
15279,RUBBISH,,2021-07-22 13:59:48
15298,RUBBISH,,2021-07-22 15:21:40
15300,RUBBISH,,2021-07-22 13:58:16
15301,RUBBISH,,2021-07-22 15:25:00
15306,RUBBISH,,2021-07-22 15:35:32
15308,RUBBISH,,2021-07-22 15:30:08
15334,RUBBISH,,2021-07-22 13:30:03
15335,RUBBISH,,2021-07-22 15:43:54
15340,RUBBISH,,2021-07-22 15:44:25
15341,RUBBISH,,2021-07-22 14:51:02
15342,RUBBISH,,2021-07-22 13:46:59
15343,RUBBISH,,2021-07-22 13:46:12
15345,RUBBISH,,2021-07-22 13:51:35
15358,RUBBISH,,2021-07-22 15:43:39
15359,RUBBISH,,2021-07-22 15:43:23
15391,RUBBISH,,2021-07-22 13:23:53
15392,RUBBISH,,2021-07-22 13:20:48
15638,RECYCLE,2021-07-22 11:30:43,
15644,RECYCLE,2021-07-22 14:54:41,
15646,RECYCLE,2021-07-22 15:00:19,
15653,RECYCLE,2021-07-22 11:43:58,
15661,RECYCLE,2021-07-22 11:27:55,
15667,RECYCLE,2021-07-22 12:14:18,
15670,RUBBISH,,2021-07-22 15:48:59
15684,RECYCLE,2021-07-22 12:53:03,
15700,RECYCLE,2021-07-22 12:04:52,
15701,RECYCLE,2021-07-22 11:50:21,
15702,RECYCLE,2021-07-22 12:02:50,
15703,RECYCLE,2021-07-22 12:03:05,
15704,RECYCLE,2021-07-22 12:04:06,
15705,RECYCLE,2021-07-22 11:48:18,
15735,RECYCLE,2021-07-22 14:18:05,
15737,RECYCLE,2021-07-22 14:18:20,
15762,RECYCLE,2021-07-22 14:46:59,
15764,RECYCLE,2021-07-22 14:47:14,
15806,RECYCLE,2021-07-22 14:49:02,
15807,RECYCLE,2021-07-22 14:11:59,
15832,RECYCLE,2021-07-22 13:56:39,
15840,RECYCLE,2021-07-22 14:17:21,
15850,RECYCLE,2021-07-22 12:52:17,
16146,RECYCLE,2021-07-22 11:26:23,
16702,RECYCLE,2021-07-22 14:17:49,
16748,RUBBISH,,2021-07-22 12:37:52
16802,RUBBISH,,2021-07-22 14:09:20
16803,RUBBISH,,2021-07-22 13:30:05
16804,RUBBISH,,2021-07-22 14:38:04
16805,RUBBISH,,2021-07-22 13:35:13
16807,RUBBISH,,2021-07-22 13:58:18
16827,RUBBISH,,2021-07-22 14:55:44
16828,RUBBISH,,2021-07-22 14:23:12
16829,RUBBISH,,2021-07-22 14:55:45
16835,RUBBISH,,2021-07-22 14:02:55
16847,RUBBISH,,2021-07-22 16:38:31
16895,RUBBISH,,2021-07-22 18:31:37
16905,RUBBISH,,2021-07-22 18:28:03
16907,RUBBISH,,2021-07-22 18:31:21
16908,RUBBISH,,2021-07-22 18:28:18
16909,RUBBISH,,2021-07-22 18:12:31
16916,RUBBISH,,2021-07-22 17:51:39
16920,RUBBISH,,2021-07-22 18:04:14
16925,RUBBISH,,2021-07-22 15:03:34
16926,RUBBISH,,2021-07-22 15:03:42
16928,RUBBISH,,2021-07-22 12:59:34
16929,RUBBISH,,2021-07-22 12:58:01
17900,RUBBISH,,2021-07-22 13:22:44
17901,RUBBISH,,2021-07-22 13:33:09
17902,RUBBISH,,2021-07-22 14:14:01
17903,RUBBISH,,2021-07-22 13:20:59
17906,RUBBISH,,2021-07-22 13:19:58
17907,RUBBISH,,2021-07-22 14:05:02
17908,RUBBISH,,2021-07-22 14:54:28
17909,RUBBISH,,2021-07-22 13:15:53
17910,RUBBISH,,2021-07-22 13:52:09
17913,RUBBISH,,2021-07-22 13:04:42
17914,RUBBISH,,2021-07-22 16:35:04
17915,RUBBISH,,2021-07-22 16:35:03
17916,RUBBISH,,2021-07-22 14:25:23
17918,RUBBISH,,2021-07-22 17:04:47
17919,RUBBISH,,2021-07-22 17:18:26
17920,RUBBISH,,2021-07-22 17:21:30
17921,RUBBISH,,2021-07-22 17:22:47
17922,RUBBISH,,2021-07-22 17:14:49
17923,RUBBISH,,2021-07-22 17:06:04
17924,RUBBISH,,2021-07-22 17:06:51
17926,RUBBISH,,2021-07-22 17:18:41
17927,RUBBISH,,2021-07-22 17:15:43
17928,RUBBISH,,2021-07-22 17:18:18
17929,RUBBISH,,2021-07-22 17:15:52
17930,RUBBISH,,2021-07-22 17:17:55
17931,RUBBISH,,2021-07-22 16:38:40
17932,RUBBISH,,2021-07-22 17:16:23
17933,RUBBISH,,2021-07-22 14:25:07
17936,RUBBISH,,2021-07-22 14:48:29
17940,RUBBISH,,2021-07-22 16:40:09
17941,RUBBISH,,2021-07-22 15:24:13
17942,RUBBISH,,2021-07-22 17:14:39
17943,RUBBISH,,2021-07-22 14:53:28
17946,RUBBISH,,2021-07-22 14:23:03
17954,RUBBISH,,2021-07-22 16:09:17
17960,RUBBISH,,2021-07-22 17:07:33
17963,RUBBISH,,2021-07-22 16:59:24
17975,RUBBISH,,2021-07-22 15:25:41
17977,RUBBISH,,2021-07-22 13:25:32
17978,RUBBISH,,2021-07-22 15:34:11
17981,RUBBISH,,2021-07-22 17:15:59
17983,RUBBISH,,2021-07-22 17:16:14
17985,RUBBISH,,2021-07-22 14:49:00
17986,RUBBISH,,2021-07-22 15:24:59
17992,RUBBISH,,2021-07-22 13:20:40
18202,RUBBISH,,2021-07-22 14:56:16
18203,RUBBISH,,2021-07-22 14:56:01
18208,RUBBISH,,2021-07-22 18:31:52
18209,RUBBISH,,2021-07-22 18:15:37
18210,RUBBISH,,2021-07-22 18:13:48
18211,RUBBISH,,2021-07-22 18:15:52
18213,RUBBISH,,2021-07-22 18:16:54
18308,RUBBISH,,2021-07-22 14:53:58
18309,RUBBISH,,2021-07-22 14:55:30
18310,RUBBISH,,2021-07-22 14:55:14
18311,RUBBISH,,2021-07-22 14:21:24
18312,RUBBISH,,2021-07-22 14:39:06
18378,RUBBISH,,2021-07-22 17:06:32
18379,RUBBISH,,2021-07-22 17:08:11
18380,RUBBISH,,2021-07-22 17:01:25
18381,RUBBISH,,2021-07-22 17:07:56
18382,RUBBISH,,2021-07-22 15:24:43
18383,RUBBISH,,2021-07-22 16:41:09
18384,RUBBISH,,2021-07-22 17:07:37
18385,RUBBISH,,2021-07-22 17:08:08
18386,RUBBISH,,2021-07-22 14:42:19
18387,RUBBISH,,2021-07-22 17:04:01
18388,RUBBISH,,2021-07-22 14:25:38
18389,RUBBISH,,2021-07-22 17:04:32
18578,RECYCLE,2021-07-22 17:35:27,
18580,BOTH,2021-07-22 17:35:12,2021-07-22 12:54:46
18588,BOTH,2021-07-22 18:12:26,2021-07-22 15:12:31
18589,BOTH,2021-07-22 17:34:57,2021-07-22 12:52:57
18590,BOTH,2021-07-22 17:31:21,2021-07-22 15:13:48
18591,BOTH,2021-07-22 17:19:02,2021-07-22 17:11:04
18592,BOTH,2021-07-22 15:12:19,2021-07-22 17:40:11
18613,RUBBISH,,2021-07-22 14:32:21
18614,BOTH,2021-07-22 18:29:54,2021-07-22 14:32:36
18615,BOTH,2021-07-22 18:28:37,2021-07-22 13:59:22
18616,RECYCLE,2021-07-22 17:52:24,
18618,BOTH,2021-07-22 17:15:27,2021-07-22 16:47:23
18619,RECYCLE,2021-07-22 17:19:17,
18620,RECYCLE,2021-07-22 17:24:56,
18621,BOTH,2021-07-22 17:31:36,2021-07-22 12:20:14
18622,RUBBISH,,2021-07-22 13:40:42
18624,BOTH,2021-07-22 14:10:41,2021-07-22 17:31:40
18625,BOTH,2021-07-22 18:34:54,2021-07-22 15:15:37
18653,RECYCLE,2021-07-22 17:26:11,
18654,BOTH,2021-07-22 17:26:26,2021-07-22 13:36:51
18659,BOTH,2021-07-22 17:44:42,2021-07-22 12:40:23
18660,BOTH,2021-07-22 17:26:41,2021-07-22 13:36:50
18661,BOTH,2021-07-22 17:44:57,2021-07-22 13:36:35
18664,BOTH,2021-07-22 17:29:31,2021-07-22 16:06:47
18665,BOTH,2021-07-22 16:25:03,2021-07-22 14:12:02
18666,BOTH,2021-07-22 18:35:02,2021-07-22 15:15:53
18667,RECYCLE,2021-07-22 16:12:28,
18668,BOTH,2021-07-22 16:19:39,2021-07-22 16:32:28
18669,BOTH,2021-07-22 16:19:24,2021-07-22 16:32:12
18671,BOTH,2021-07-22 16:18:07,2021-07-22 16:30:55
18672,BOTH,2021-07-22 16:23:15,2021-07-22 17:08:41
18673,RUBBISH,,2021-07-22 17:40:18
18674,BOTH,2021-07-22 17:09:48,2021-07-22 14:36:56
18675,BOTH,2021-07-22 17:12:38,2021-07-22 14:37:43
18676,BOTH,2021-07-22 18:35:48,2021-07-22 16:56:11
18677,BOTH,2021-07-22 13:59:08,2021-07-22 12:50:46
18678,BOTH,2021-07-22 15:28:46,2021-07-22 14:22:00
18679,RUBBISH,,2021-07-22 14:22:31
18680,BOTH,2021-07-22 14:00:09,2021-07-22 12:52:19
18681,BOTH,2021-07-22 13:57:05,2021-07-22 12:48:59
18682,BOTH,2021-07-22 16:37:12,2021-07-22 13:53:10
18683,BOTH,2021-07-22 13:30:24,2021-07-22 16:14:27
18684,BOTH,2021-07-22 18:36:03,2021-07-22 16:55:25
18685,BOTH,2021-07-22 18:36:11,2021-07-22 16:55:09
18686,BOTH,2021-07-22 18:16:35,2021-07-22 19:37:33
18687,BOTH,2021-07-22 13:50:39,2021-07-22 12:33:35
18688,RUBBISH,,2021-07-22 15:09:50
18689,RUBBISH,,2021-07-22 15:06:29
18690,BOTH,2021-07-22 14:57:09,2021-07-22 15:10:52
18691,BOTH,2021-07-22 15:06:09,2021-07-22 14:59:17
18692,RUBBISH,,2021-07-22 15:24:30
18693,BOTH,2021-07-22 15:05:38,2021-07-22 15:24:15
18694,BOTH,2021-07-22 14:59:43,2021-07-22 15:24:46
18695,BOTH,2021-07-22 12:42:10,2021-07-22 15:25:17
18696,RECYCLE,2021-07-22 15:10:22,
18697,RECYCLE,2021-07-22 12:13:39,
18699,RECYCLE,2021-07-22 16:56:38,
18700,RECYCLE,2021-07-22 16:56:22,
18703,RECYCLE,2021-07-22 11:38:00,
18704,RECYCLE,2021-07-22 16:56:53,
18705,RECYCLE,2021-07-22 11:51:51,
18706,RECYCLE,2021-07-22 11:58:16,
18707,RECYCLE,2021-07-22 16:45:06,
18708,RECYCLE,2021-07-22 16:49:58,
18709,RECYCLE,2021-07-22 15:13:43,
18711,RUBBISH,,2021-07-22 18:29:28
18712,RUBBISH,,2021-07-22 18:29:27
18713,RECYCLE,2021-07-22 16:55:36,
18714,RECYCLE,2021-07-22 17:05:06,
18715,RECYCLE,2021-07-22 17:04:50,
18716,RECYCLE,2021-07-22 16:50:44,
18717,RECYCLE,2021-07-22 12:15:26,
18718,RECYCLE,2021-07-22 14:33:34,
18719,RECYCLE,2021-07-22 12:14:40,
18720,RECYCLE,2021-07-22 14:33:19,
18721,RECYCLE,2021-07-22 14:33:03,
18723,RECYCLE,2021-07-22 22:39:42,
18724,RECYCLE,2021-07-22 14:59:18,
18729,RECYCLE,2021-07-22 14:27:09,
18735,RECYCLE,2021-07-22 12:16:58,
18737,RECYCLE,2021-07-22 12:22:21,
18738,RECYCLE,2021-07-22 12:21:20,
18739,RECYCLE,2021-07-22 12:20:18,
18746,BOTH,2021-07-22 12:55:41,2021-07-22 14:42:01
18748,BOTH,2021-07-22 12:52:05,2021-07-22 15:01:33
18755,BOTH,2021-07-22 13:06:58,2021-07-22 14:06:20
18756,BOTH,2021-07-22 13:04:09,2021-07-22 14:06:51
18757,BOTH,2021-07-22 13:43:24,2021-07-22 14:40:13
18758,BOTH,2021-07-22 13:42:38,2021-07-22 14:00:10
18759,BOTH,2021-07-22 13:47:30,2021-07-22 14:39:11
18760,BOTH,2021-07-22 13:53:55,2021-07-22 19:48:18
18761,BOTH,2021-07-22 17:26:48,2021-07-22 14:19:56
18762,BOTH,2021-07-22 17:35:17,2021-07-22 13:30:22
18763,BOTH,2021-07-22 17:32:43,2021-07-22 13:28:04
18764,RUBBISH,,2021-07-22 15:30:03
18765,BOTH,2021-07-22 15:27:02,2021-07-22 15:27:13
18766,BOTH,2021-07-22 14:30:40,2021-07-22 17:57:04
18767,RECYCLE,2021-07-22 12:38:55,
18768,RECYCLE,2021-07-22 19:47:55,
18770,RECYCLE,2021-07-22 17:21:56,
18771,BOTH,2021-07-22 17:21:40,2021-07-22 18:18:22
18773,RECYCLE,2021-07-22 17:22:11,
18774,BOTH,2021-07-22 16:38:05,2021-07-22 18:17:52
18775,BOTH,2021-07-22 16:37:49,2021-07-22 18:17:05
18776,BOTH,2021-07-22 16:33:59,2021-07-22 18:16:19
18777,BOTH,2021-07-22 16:35:31,2021-07-22 18:16:35
18778,BOTH,2021-07-22 16:33:28,2021-07-22 18:16:04
18779,RECYCLE,2021-07-22 22:40:44,
18780,RECYCLE,2021-07-22 11:41:05,
18781,RECYCLE,2021-07-22 22:40:28,
18782,RECYCLE,2021-07-22 14:27:24,
18783,RECYCLE,2021-07-22 22:40:13,
18786,RECYCLE,2021-07-22 14:24:29,
18787,BOTH,2021-07-22 14:10:21,2021-07-22 19:46:31
18789,RECYCLE,2021-07-22 15:15:37,
18791,BOTH,2021-07-22 18:22:40,2021-07-22 20:47:41
18792,BOTH,2021-07-22 18:22:55,2021-07-22 20:46:54
18793,BOTH,2021-07-22 15:19:28,2021-07-22 16:37:09
18794,RECYCLE,2021-07-22 18:23:26,
18795,BOTH,2021-07-22 15:18:57,2021-07-22 19:46:00
18799,RECYCLE,2021-07-22 17:06:19,
18800,RECYCLE,2021-07-22 15:44:10,
18801,RECYCLE,2021-07-22 15:37:44,
18803,RECYCLE,2021-07-22 17:04:01,
18804,RUBBISH,,2021-07-22 19:42:06
18805,BOTH,2021-07-22 18:02:10,2021-07-22 20:47:56
18806,BOTH,2021-07-22 14:19:55,2021-07-22 14:37:58
18807,BOTH,2021-07-22 14:19:40,2021-07-22 14:37:43
18808,RUBBISH,,2021-07-22 14:27:26
18809,BOTH,2021-07-22 17:31:04,2021-07-22 16:36:19
18810,BOTH,2021-07-22 15:06:16,2021-07-22 15:55:15
18811,BOTH,2021-07-22 15:06:47,2021-07-22 15:55:46
18812,BOTH,2021-07-22 13:47:18,2021-07-22 14:58:33
18813,BOTH,2021-07-22 14:20:11,2021-07-22 14:04:19
18814,BOTH,2021-07-22 14:20:26,2021-07-22 14:58:02
18815,BOTH,2021-07-22 15:06:32,2021-07-22 15:53:58
18816,BOTH,2021-07-22 17:44:11,2021-07-22 14:12:18
18817,BOTH,2021-07-22 16:18:38,2021-07-22 16:31:42
18819,BOTH,2021-07-22 17:43:25,2021-07-22 14:15:07
18820,BOTH,2021-07-22 17:29:00,2021-07-22 12:38:04
18833,BOTH,2021-07-22 17:39:18,2021-07-22 14:15:30
18834,BOTH,2021-07-22 17:38:16,2021-07-22 14:15:38
18835,BOTH,2021-07-22 17:37:30,2021-07-22 14:15:46
18872,RECYCLE,2021-07-22 17:06:04,
18873,RECYCLE,2021-07-22 17:20:58,
18874,RECYCLE,2021-07-22 18:01:45,
18875,RECYCLE,2021-07-22 17:21:59,
18876,RECYCLE,2021-07-22 17:56:52,
18880,RECYCLE,2021-07-22 15:15:42,
18881,BOTH,2021-07-22 15:30:46,2021-07-22 18:14:16
19012,RECYCLE,2021-07-22 15:20:55,
19140,BOTH,2021-07-22 12:56:47,2021-07-22 12:59:23
19141,RUBBISH,,2021-07-22 17:40:34
19142,BOTH,2021-07-22 15:06:55,2021-07-22 17:40:49
19143,BOTH,2021-07-22 15:06:40,2021-07-22 14:59:01
19144,BOTH,2021-07-22 12:51:55,2021-07-22 14:43:51
19145,BOTH,2021-07-22 13:07:28,2021-07-22 12:40:21
19146,BOTH,2021-07-22 13:35:13,2021-07-22 17:49:34
19147,BOTH,2021-07-22 18:12:12,2021-07-22 15:16:51
19148,BOTH,2021-07-22 18:12:59,2021-07-22 17:49:49
19149,BOTH,2021-07-22 13:35:27,2021-07-22 17:49:48
19153,RECYCLE,2021-07-22 12:36:12,
19159,RECYCLE,2021-07-22 22:51:33,
19160,BOTH,2021-07-22 18:15:48,2021-07-22 19:37:13
19161,BOTH,2021-07-22 12:58:29,2021-07-22 18:28:57
19162,BOTH,2021-07-22 12:58:13,2021-07-22 18:29:13
19163,RECYCLE,2021-07-22 17:04:35,
19164,RECYCLE,2021-07-22 16:52:01,
19165,RECYCLE,2021-07-22 16:51:30,
19166,RECYCLE,2021-07-22 16:50:59,
19167,RECYCLE,2021-07-22 15:12:57,
19168,RECYCLE,2021-07-22 12:02:53,
19169,RECYCLE,2021-07-22 12:01:51,
19170,RECYCLE,2021-07-22 11:57:45,
19171,BOTH,2021-07-22 14:17:06,2021-07-22 17:11:35
19172,BOTH,2021-07-22 14:28:23,2021-07-22 14:13:50
19173,BOTH,2021-07-22 15:17:10,2021-07-22 17:11:34
19174,BOTH,2021-07-22 15:16:56,2021-07-22 17:11:19
19175,BOTH,2021-07-22 14:22:29,2021-07-22 14:04:21
19176,BOTH,2021-07-22 15:18:29,2021-07-22 16:14:50
19177,BOTH,2021-07-22 15:27:44,2021-07-22 17:12:05
19178,BOTH,2021-07-22 13:31:41,2021-07-22 16:14:43
19179,BOTH,2021-07-22 15:19:15,2021-07-22 17:11:50
19181,BOTH,2021-07-22 15:31:50,2021-07-22 12:59:30
19183,BOTH,2021-07-22 13:21:25,2021-07-22 14:23:48
19184,BOTH,2021-07-22 13:25:47,2021-07-22 14:23:01
19185,RUBBISH,,2021-07-22 14:37:09
19186,BOTH,2021-07-22 15:41:21,2021-07-22 13:18:30
19187,BOTH,2021-07-22 15:41:52,2021-07-22 13:53:25
19188,RUBBISH,,2021-07-22 13:55:43
19189,BOTH,2021-07-22 15:52:25,2021-07-22 13:54:11
19190,BOTH,2021-07-22 18:16:19,2021-07-22 19:37:18
19191,BOTH,2021-07-22 12:41:47,2021-07-22 17:37:36
19192,BOTH,2021-07-22 12:52:49,2021-07-22 16:53:45
19193,BOTH,2021-07-22 18:11:57,2021-07-22 17:09:55
19194,BOTH,2021-07-22 18:03:12,2021-07-22 17:39:08
19195,RUBBISH,,2021-07-22 17:06:19
19196,BOTH,2021-07-22 12:47:42,2021-07-22 17:05:02
19197,RUBBISH,,2021-07-22 20:45:53
19198,RUBBISH,,2021-07-22 20:46:08
19199,BOTH,2021-07-22 18:02:57,2021-07-22 17:39:24
19200,RUBBISH,,2021-07-22 20:46:39
19204,RECYCLE,2021-07-22 12:42:06,
19207,RECYCLE,2021-07-22 12:42:52,
19208,RECYCLE,2021-07-22 12:45:26,
19209,RECYCLE,2021-07-22 12:35:41,
19210,RECYCLE,2021-07-22 12:10:18,
19211,RECYCLE,2021-07-22 12:09:48,
19212,RECYCLE,2021-07-22 12:47:29,
19215,BOTH,2021-07-22 17:23:06,2021-07-22 17:34:06
19216,BOTH,2021-07-22 17:23:21,2021-07-22 17:33:35
19217,BOTH,2021-07-22 17:07:40,2021-07-22 17:19:59
19219,BOTH,2021-07-22 17:02:32,2021-07-22 17:13:18
19220,BOTH,2021-07-22 17:00:13,2021-07-22 13:57:08
19221,BOTH,2021-07-22 16:56:37,2021-07-22 13:49:41
19222,BOTH,2021-07-22 17:25:09,2021-07-22 17:22:32
19223,BOTH,2021-07-22 17:25:40,2021-07-22 17:22:17
19225,BOTH,2021-07-22 17:13:20,2021-07-22 17:29:59
19226,BOTH,2021-07-22 16:34:02,2021-07-22 12:57:49
19227,BOTH,2021-07-22 16:37:37,2021-07-22 13:03:59
19228,RUBBISH,,2021-07-22 17:12:16
19229,RUBBISH,,2021-07-22 17:11:15
19230,BOTH,2021-07-22 16:50:12,2021-07-22 13:34:48
19231,RUBBISH,,2021-07-22 17:11:14
19232,RUBBISH,,2021-07-22 17:10:59
19233,BOTH,2021-07-22 16:15:02,2021-07-22 14:01:30
19234,BOTH,2021-07-22 16:24:16,2021-07-22 14:05:21
19235,BOTH,2021-07-22 16:24:01,2021-07-22 17:10:44
19236,BOTH,2021-07-22 17:01:15,2021-07-22 13:09:37
19237,BOTH,2021-07-22 18:35:17,2021-07-22 15:16:24
19238,BOTH,2021-07-22 18:35:09,2021-07-22 15:16:09
19239,BOTH,2021-07-22 15:07:33,2021-07-22 16:17:34
19240,BOTH,2021-07-22 16:11:58,2021-07-22 17:05:51
19241,BOTH,2021-07-22 14:55:12,2021-07-22 17:36:56
19242,BOTH,2021-07-22 16:11:42,2021-07-22 17:01:29
19243,BOTH,2021-07-22 16:07:51,2021-07-22 16:48:23
19244,BOTH,2021-07-22 14:57:46,2021-07-22 15:37:34
19245,BOTH,2021-07-22 18:16:57,2021-07-22 19:49:06
19246,BOTH,2021-07-22 16:07:20,2021-07-22 16:47:37
19247,BOTH,2021-07-22 18:17:05,2021-07-22 19:49:21
19248,BOTH,2021-07-22 13:56:48,2021-07-22 14:21:46
19249,BOTH,2021-07-22 14:16:35,2021-07-22 14:16:08
19250,BOTH,2021-07-22 14:02:27,2021-07-22 14:55:59
19251,BOTH,2021-07-22 14:08:52,2021-07-22 14:51:06
19252,BOTH,2021-07-22 14:15:03,2021-07-22 14:14:04
19253,BOTH,2021-07-22 13:50:38,2021-07-22 14:08:41
19254,BOTH,2021-07-22 14:14:17,2021-07-22 14:08:25
19255,BOTH,2021-07-22 14:20:42,2021-07-22 14:57:47
19256,BOTH,2021-07-22 14:20:57,2021-07-22 14:57:31
19257,RECYCLE,2021-07-22 15:01:29,
19258,RECYCLE,2021-07-22 14:45:33,
19259,RECYCLE,2021-07-22 15:01:44,
19260,RECYCLE,2021-07-22 15:02:46,
19261,RECYCLE,2021-07-22 15:14:51,
19262,RECYCLE,2021-07-22 15:11:30,
19263,RECYCLE,2021-07-22 15:08:57,
19265,RECYCLE,2021-07-22 14:39:38,
19266,RECYCLE,2021-07-22 15:17:40,
19267,RECYCLE,2021-07-22 15:17:25,
19268,RECYCLE,2021-07-22 15:17:09,
19269,RECYCLE,2021-07-22 18:23:41,
19270,RECYCLE,2021-07-22 15:25:39,
19271,RECYCLE,2021-07-22 18:23:57,
19272,RECYCLE,2021-07-22 18:24:12,
19273,RECYCLE,2021-07-22 15:28:28,
19274,RECYCLE,2021-07-22 14:37:04,
19276,RECYCLE,2021-07-22 14:36:02,
19278,BOTH,2021-07-22 13:49:49,2021-07-22 19:47:48
19279,RUBBISH,,2021-07-22 19:47:32
19280,BOTH,2021-07-22 13:11:04,2021-07-22 14:31:44
19281,BOTH,2021-07-22 13:11:20,2021-07-22 19:47:17
19282,BOTH,2021-07-22 13:15:41,2021-07-22 19:47:01
19283,BOTH,2021-07-22 13:01:04,2021-07-22 14:48:11
19284,BOTH,2021-07-22 13:07:29,2021-07-22 14:04:17
19285,BOTH,2021-07-22 12:49:32,2021-07-22 14:55:07
19289,BOTH,2021-07-22 13:26:13,2021-07-22 14:41:15
19290,BOTH,2021-07-22 17:25:47,2021-07-22 19:49:04
19291,BOTH,2021-07-22 13:43:55,2021-07-22 14:39:57
19292,BOTH,2021-07-22 17:41:26,2021-07-22 13:32:26
19293,BOTH,2021-07-22 17:40:24,2021-07-22 19:48:34
19295,RECYCLE,2021-07-22 16:56:17,
19299,RUBBISH,,2021-07-22 13:12:55
19300,RECYCLE,2021-07-22 17:51:29,
19301,RECYCLE,2021-07-22 17:45:04,
19302,RECYCLE,2021-07-22 17:52:00,
19303,RECYCLE,2021-07-22 17:56:21,
19304,RECYCLE,2021-07-22 16:57:37,
19305,RECYCLE,2021-07-22 17:57:07,
19306,RECYCLE,2021-07-22 17:30:42,
19307,RECYCLE,2021-07-22 17:30:11,
19309,RECYCLE,2021-07-22 17:38:24,
19310,RECYCLE,2021-07-22 17:46:06,
19311,RECYCLE,2021-07-22 17:46:37,
19314,RUBBISH,,2021-07-22 14:17:03
19315,BOTH,2021-07-22 14:39:13,2021-07-22 15:05:31
19316,BOTH,2021-07-22 14:37:09,2021-07-22 15:04:29
19317,BOTH,2021-07-22 14:31:45,2021-07-22 14:24:36
19318,BOTH,2021-07-22 17:20:08,2021-07-22 13:11:23
19319,RECYCLE,2021-07-22 17:22:42,
19320,BOTH,2021-07-22 17:24:14,2021-07-22 19:49:20
19322,BOTH,2021-07-22 17:21:25,2021-07-22 18:04:46
19323,BOTH,2021-07-22 17:21:10,2021-07-22 18:05:48
19324,BOTH,2021-07-22 15:11:35,2021-07-22 14:37:53
19325,BOTH,2021-07-22 17:21:09,2021-07-22 18:06:02
19326,BOTH,2021-07-22 16:30:54,2021-07-22 18:07:35
19327,BOTH,2021-07-22 16:31:09,2021-07-22 14:40:59
19328,BOTH,2021-07-22 15:12:06,2021-07-22 18:06:03
19330,BOTH,2021-07-22 14:45:50,2021-07-22 17:19:53
19331,BOTH,2021-07-22 15:27:33,2021-07-22 17:26:02
19332,BOTH,2021-07-22 15:27:49,2021-07-22 17:51:10
19333,BOTH,2021-07-22 15:28:04,2021-07-22 17:51:25
19334,RECYCLE,2021-07-22 12:28:24,
19388,BOTH,2021-07-22 17:51:22,2021-07-22 13:12:10
19389,BOTH,2021-07-22 18:30:56,2021-07-22 13:11:23
19392,BOTH,2021-07-22 18:04:13,2021-07-22 14:33:38
19393,BOTH,2021-07-22 18:31:42,2021-07-22 13:31:22
19394,BOTH,2021-07-22 18:30:09,2021-07-22 14:32:51
19396,BOTH,2021-07-22 18:17:20,2021-07-22 15:09:24
19397,RECYCLE,2021-07-22 18:15:01,
19399,BOTH,2021-07-22 18:14:45,2021-07-22 14:53:36
19450,BOTH,2021-07-22 17:39:33,2021-07-22 14:15:23
19451,BOTH,2021-07-22 17:42:07,2021-07-22 14:15:15
19473,RECYCLE,2021-07-22 15:17:24,
19488,BOTH,2021-07-22 16:55:55,2021-07-22 14:57:45
19489,RECYCLE,2021-07-22 15:12:34,
19503,BOTH,2021-07-22 17:35:58,2021-07-22 15:13:33
19506,BOTH,2021-07-22 17:50:36,2021-07-22 13:23:04
19507,RUBBISH,,2021-07-22 13:12:56
19508,RUBBISH,,2021-07-22 12:58:55
19509,BOTH,2021-07-22 17:57:48,2021-07-22 12:17:23
19510,BOTH,2021-07-22 17:58:03,2021-07-22 15:14:03
19511,BOTH,2021-07-22 14:10:25,2021-07-22 17:30:38
19522,RECYCLE,2021-07-22 17:24:54,
19523,RECYCLE,2021-07-22 17:23:36,
19533,BOTH,2021-07-22 18:17:21,2021-07-22 19:49:36
19534,BOTH,2021-07-22 18:17:52,2021-07-22 19:50:07
19535,BOTH,2021-07-22 17:34:55,2021-07-22 16:44:01
19536,BOTH,2021-07-22 14:25:35,2021-07-22 14:22:33
19557,RUBBISH,,2021-07-22 12:19:51
19560,RECYCLE,2021-07-22 17:37:14,
19594,RECYCLE,2021-07-22 12:32:15,
19659,RUBBISH,,2021-07-22 15:14:04
19661,RECYCLE,2021-07-22 16:58:41,
19662,RECYCLE,2021-07-22 17:04:19,
19679,RUBBISH,,2021-07-22 20:07:47
19681,RUBBISH,,2021-07-22 20:28:54
19684,RUBBISH,,2021-07-22 19:58:16
19697,RUBBISH,,2021-07-22 16:32:26
19701,RUBBISH,,2021-07-22 15:19:07
19785,RUBBISH,,2021-07-22 15:19:23
19786,RUBBISH,,2021-07-22 16:31:24
19787,RUBBISH,,2021-07-22 16:31:55
19793,RUBBISH,,2021-07-22 19:57:45
19794,RUBBISH,,2021-07-22 19:55:10
19900,RUBBISH,,2021-07-22 15:19:53
19902,RUBBISH,,2021-07-22 16:31:09
20004,RUBBISH,,2021-07-22 15:20:39
20010,RUBBISH,,2021-07-22 14:15:13
20012,RUBBISH,,2021-07-22 14:30:08
20015,RUBBISH,,2021-07-22 16:46:04
20022,RUBBISH,,2021-07-22 17:23:38
20024,RUBBISH,,2021-07-22 16:44:21
20025,RUBBISH,,2021-07-22 16:51:02
20026,RUBBISH,,2021-07-22 16:55:24
20028,RUBBISH,,2021-07-22 15:41:13
20029,RUBBISH,,2021-07-22 15:47:24
20031,RUBBISH,,2021-07-22 14:59:27
20032,RUBBISH,,2021-07-22 16:35:54
20035,RUBBISH,,2021-07-22 15:42:55
20036,RUBBISH,,2021-07-22 15:48:26
20037,RUBBISH,,2021-07-22 13:41:32
20121,RUBBISH,,2021-07-22 16:36:24
20122,RUBBISH,,2021-07-22 15:21:41
20123,RUBBISH,,2021-07-22 15:37:22
20124,RUBBISH,,2021-07-22 14:42:13
20133,RUBBISH,,2021-07-22 17:20:49
20155,RUBBISH,,2021-07-22 15:21:56
20156,RUBBISH,,2021-07-22 15:24:31
21337,RUBBISH,,2021-07-22 12:43:13
21468,RUBBISH,,2021-07-22 12:42:12
21469,BOTH,2021-07-22 14:37:00,2021-07-22 12:21:49
21471,RUBBISH,,2021-07-22 11:58:54
21472,RUBBISH,,2021-07-22 12:00:12
21473,RUBBISH,,2021-07-22 11:46:29
21477,RUBBISH,,2021-07-22 12:14:43
21478,RUBBISH,,2021-07-22 12:38:08
21479,RUBBISH,,2021-07-22 12:41:10
21480,BOTH,2021-07-22 14:40:51,2021-07-22 12:33:04
21481,BOTH,2021-07-22 14:40:36,2021-07-22 12:30:00
21482,BOTH,2021-07-22 14:40:20,2021-07-22 12:44:14
21585,RECYCLE,2021-07-22 14:46:43,
21711,RUBBISH,,2021-07-22 17:10:02
21721,RUBBISH,,2021-07-22 17:17:29
22017,RUBBISH,,2021-07-22 12:46:15
22018,RUBBISH,,2021-07-22 12:45:15
22024,RUBBISH,,2021-07-22 12:15:44
22025,RUBBISH,,2021-07-22 12:15:23
22026,RUBBISH,,2021-07-22 12:47:16
22028,RUBBISH,,2021-07-22 12:34:05
22422,RUBBISH,,2021-07-22 19:44:52
22424,RUBBISH,,2021-07-22 19:45:08
22426,RUBBISH,,2021-07-22 14:12:54
22427,RUBBISH,,2021-07-22 14:13:56
22428,RUBBISH,,2021-07-22 14:10:50
22430,RUBBISH,,2021-07-22 19:46:09
22453,RUBBISH,,2021-07-22 15:21:26
22459,RUBBISH,,2021-07-22 14:07:30
22461,RUBBISH,,2021-07-22 16:17:30
22462,RUBBISH,,2021-07-22 16:20:04
22482,RUBBISH,,2021-07-22 15:21:10
22537,RUBBISH,,2021-07-22 15:59:38
22540,RUBBISH,,2021-07-22 16:38:46
22548,RUBBISH,,2021-07-22 16:00:09
22549,RUBBISH,,2021-07-22 16:35:56
22550,RUBBISH,,2021-07-22 15:58:21
22551,RUBBISH,,2021-07-22 15:42:55
22552,RUBBISH,,2021-07-22 15:48:50
22553,RUBBISH,,2021-07-22 14:14:01
22554,RUBBISH,,2021-07-22 14:16:35
22555,RUBBISH,,2021-07-22 14:18:38
22556,RUBBISH,,2021-07-22 16:02:28
22559,RUBBISH,,2021-07-22 16:10:12
22561,RUBBISH,,2021-07-22 16:18:57
22562,RUBBISH,,2021-07-22 16:13:17
22565,RUBBISH,,2021-07-22 16:10:18
22570,RUBBISH,,2021-07-22 16:11:20
22572,RUBBISH,,2021-07-22 16:00:40
22574,RUBBISH,,2021-07-22 15:56:27
22575,RUBBISH,,2021-07-22 15:56:11
22576,RUBBISH,,2021-07-22 12:46:23
22578,RUBBISH,,2021-07-22 16:03:45
22579,RUBBISH,,2021-07-22 15:44:42
22580,RUBBISH,,2021-07-22 16:12:20
22581,RUBBISH,,2021-07-22 14:42:11
22582,RUBBISH,,2021-07-22 14:45:02
22583,RUBBISH,,2021-07-22 14:39:06
22588,RUBBISH,,2021-07-22 13:00:46
22589,RUBBISH,,2021-07-22 13:00:30
22595,RUBBISH,,2021-07-22 16:35:41
22596,RUBBISH,,2021-07-22 16:33:53
22597,RUBBISH,,2021-07-22 16:36:12
22598,RUBBISH,,2021-07-22 16:37:29
22599,RUBBISH,,2021-07-22 16:37:44
22601,RUBBISH,,2021-07-22 12:25:07
22602,RUBBISH,,2021-07-22 15:27:17
22604,RUBBISH,,2021-07-22 15:19:19
22605,RUBBISH,,2021-07-22 15:07:29
22606,RUBBISH,,2021-07-22 14:51:18
22607,RUBBISH,,2021-07-22 17:19:07
22608,RUBBISH,,2021-07-22 15:25:54
22609,RUBBISH,,2021-07-22 16:47:24
22611,RUBBISH,,2021-07-22 16:31:35
22612,RUBBISH,,2021-07-22 14:24:32
22613,RUBBISH,,2021-07-22 14:23:15
22614,RUBBISH,,2021-07-22 15:22:57
22615,RUBBISH,,2021-07-22 17:19:23
22616,RUBBISH,,2021-07-22 17:19:38
22617,RUBBISH,,2021-07-22 14:18:53
22618,RUBBISH,,2021-07-22 14:47:30
22619,RUBBISH,,2021-07-22 14:47:15
22620,RUBBISH,,2021-07-22 17:19:54
22621,RUBBISH,,2021-07-22 17:20:25
22622,RUBBISH,,2021-07-22 13:55:29
22623,RUBBISH,,2021-07-22 17:20:40
22624,RUBBISH,,2021-07-22 17:20:56
22625,RUBBISH,,2021-07-22 16:30:49
22626,RUBBISH,,2021-07-22 14:28:31
22627,RUBBISH,,2021-07-22 14:25:49
22628,RUBBISH,,2021-07-22 14:25:34
22629,RUBBISH,,2021-07-22 14:25:26
22630,RUBBISH,,2021-07-22 14:18:46
22631,RUBBISH,,2021-07-22 14:25:57
22632,RUBBISH,,2021-07-22 13:53:53
22633,RUBBISH,,2021-07-22 13:54:08
22635,RUBBISH,,2021-07-22 15:59:01
22636,RUBBISH,,2021-07-22 16:30:18
22637,RUBBISH,,2021-07-22 16:30:02
22638,RUBBISH,,2021-07-22 16:20:02
22639,RUBBISH,,2021-07-22 16:29:47
22640,RUBBISH,,2021-07-22 14:30:06
22641,RUBBISH,,2021-07-22 16:04:54
22642,RUBBISH,,2021-07-22 14:23:40
22643,RUBBISH,,2021-07-22 14:18:32
22644,RUBBISH,,2021-07-22 14:06:13
22645,RUBBISH,,2021-07-22 15:59:31
22646,RUBBISH,,2021-07-22 15:59:16
22647,RUBBISH,,2021-07-22 15:01:46
22648,RUBBISH,,2021-07-22 14:58:25
22649,RUBBISH,,2021-07-22 15:27:05
